,label,Feature 0,Feature 1,Feature 2,Feature 3,Feature 4,Feature 5,Feature 6
0,odroid2,158.0,474.2,5.3,170.1,6.3,174.7,354.5
1,rpi-8d,12.9,71.8,446.2,18.5,16.7,18.0,19.3
2,rpi-8b,12.1,241.7,221.4,416.2,10.9,228.4,228.0
3,odroid4,163.9,173.2,178.3,177.5,177.3,175.1,172.7
4,odroid2,162.3,177.4,159.8,172.4,175.7,164.5,167.8
5,odroid3,162.4,173.9,173.5,176.6,172.5,167.5,165.7
6,rpi-8a,14.7,230.9,401.8,4.3,216.0,222.9,420.6
7,rpi-8c,14.5,17.6,1494.6,11.6,13.5,16.6,16.4
8,rpi-8c,15.5,13.1,1511.9,11.5,11.1,16.8,17.5
9,odroid1,12.5,169.4,18.1,26.0,47.7,224.5,844.4
10,odroid2,164.0,188.8,6.0,166.5,360.0,13.4,17.4
11,rpi-8a,213.4,234.2,213.1,215.9,225.2,225.0,428.0
12,odroid4,166.1,173.1,173.6,173.5,173.8,173.9,172.4
13,odroid2,164.1,175.4,153.0,174.0,169.1,164.3,165.5
14,odroid1,164.7,169.0,165.5,165.4,165.3,163.8,163.7
15,rpi-8b,11.2,17.9,223.4,205.7,211.2,231.1,438.6
16,rpi-4a,146.9,227.9,498.7,11.8,14.5,13.6,14.0
17,odroid4,167.7,171.8,182.6,175.4,177.5,174.1,171.6
18,odroid1,160.0,173.5,175.7,168.2,171.6,165.6,163.7
19,rpi-8c,131.5,232.1,396.4,16.2,26.2,351.8,13.5
20,rpi-8d,21.2,18.3,1725.0,13.6,14.6,17.8,13.6
21,odroid3,164.8,172.3,176.4,169.9,171.6,165.9,163.0
22,odroid4,169.3,175.0,171.7,173.0,172.4,173.2,172.2
23,rpi-8d,16.4,24.0,69.2,1577.3,16.3,16.4,13.7
24,rpi-8d,17.7,68.8,1633.4,12.3,19.6,18.5,23.2
25,rpi-8c,533.9,16.6,14.1,26.9,9.0,75.9,62.1
26,odroid1,167.1,170.5,170.8,167.7,169.2,168.0,163.8
27,odroid2,166.3,186.0,167.2,41.1,392.7,170.2,168.8
28,rpi-8b,103.4,242.4,227.1,234.8,214.0,425.8,224.8
29,rpi-4a,11.7,20.9,474.3,423.1,9.7,23.4,17.0
30,odroid2,166.1,171.8,157.3,167.2,169.7,168.2,162.7
31,rpi-8a,432.6,20.9,12.7,210.2,382.8,16.7,230.4
32,odroid3,163.6,166.0,162.3,171.4,171.8,164.3,165.2
33,rpi-8b,232.8,431.1,18.9,219.7,395.8,233.3,426.0
34,rpi-8b,17.6,226.7,223.1,229.5,440.4,18.4,242.7
35,rpi-8a,218.7,441.0,20.1,203.2,218.0,236.4,421.1
36,rpi-8d,17.3,16.3,1381.5,10.0,8.4,16.4,19.9
37,rpi-8d,25.1,22.1,1525.1,13.1,11.4,22.9,22.0
38,odroid3,165.7,166.9,170.9,172.8,169.9,166.2,163.3
39,odroid4,166.9,184.2,175.0,172.5,172.3,177.7,171.6
40,odroid1,161.1,166.0,162.4,168.1,164.5,161.5,164.1
41,rpi-8d,981.3,1246.8,373.8,6.9,1719.6,19.2,16.2
42,odroid3,164.0,173.9,167.4,171.2,172.3,169.4,161.0
43,odroid2,47.2,446.5,161.0,440.3,11.8,175.7,22.0
44,rpi-4a,12.4,1194.6,21.7,1722.2,12.9,20.4,18.3
45,odroid3,164.0,169.8,172.9,171.2,171.9,163.2,162.7
46,rpi-8d,15.9,18.9,7.1,1.1,745.8,18.2,21.0
47,rpi-8b,434.4,14.4,230.9,217.4,400.2,11.4,236.2
48,odroid2,166.8,183.0,159.7,167.9,167.2,167.7,19.3
49,rpi-8b,9.5,232.8,215.7,981.8,22.5,242.1,22.6
50,rpi-8d,18.8,23.8,25.0,846.8,7.4,20.4,15.3
51,rpi-8c,1130.0,22.7,62.6,7.3,91.7,85.5,755.7
52,rpi-8b,224.1,249.7,224.3,438.9,235.8,234.3,219.6
53,odroid4,164.9,184.5,179.1,173.4,169.9,178.0,173.6
54,rpi-8b,13.7,19.0,203.3,218.4,223.1,228.1,430.6
55,rpi-8c,17.8,17.5,27.7,19.8,15.6,76.9,57.4
56,odroid3,161.6,171.5,182.6,174.5,172.7,169.3,168.8
57,odroid3,163.3,162.5,169.0,171.7,171.7,162.8,166.0
58,rpi-8d,17.6,11.1,12.8,1.1,10.8,20.4,10.6
59,odroid4,167.3,171.3,179.6,175.3,174.0,172.1,171.8
60,odroid1,158.4,166.5,167.2,164.9,169.1,167.7,165.3
61,rpi-8a,10.6,226.5,206.8,207.9,445.4,222.5,438.6
62,rpi-8d,13.8,23.1,1654.5,19.6,16.7,12.3,18.3
63,rpi-8a,224.3,417.4,238.0,234.8,232.6,426.1,13.5
64,odroid1,163.2,259.0,165.8,169.7,165.6,165.4,327.2
65,odroid1,157.8,180.9,161.3,171.9,6.2,308.1,330.3
66,odroid3,164.9,162.4,175.5,170.5,173.6,171.4,169.0
67,odroid4,170.3,176.7,179.5,171.1,173.8,174.6,174.1
68,odroid2,169.4,176.4,156.3,172.1,173.2,166.6,168.1
69,rpi-8b,12.9,79.3,109.5,217.8,233.4,429.3,18.6
70,rpi-8d,18.1,16.7,18.3,8.2,1587.2,16.9,17.5
71,odroid1,159.3,167.6,171.9,168.0,169.6,163.7,168.6
72,rpi-8a,9.8,221.7,229.7,212.2,218.5,430.6,20.4
73,rpi-8c,12.6,21.4,1072.7,958.9,17.9,14.1,17.6
74,rpi-8c,6.7,24.1,18.1,1550.8,20.5,17.4,39.0
75,odroid3,159.5,172.5,168.0,172.0,164.9,168.2,170.2
76,rpi-4a,14.1,22.3,1489.6,15.4,12.5,22.1,19.3
77,odroid2,160.1,185.8,158.3,171.8,8.6,165.4,342.8
78,odroid3,162.0,170.1,182.2,171.8,174.0,169.1,166.0
79,rpi-8a,16.0,16.6,226.3,211.0,376.9,15.7,214.0
80,odroid1,161.5,167.2,177.3,170.1,166.2,165.8,164.9
81,rpi-8c,10.8,16.4,72.4,4.9,12.8,32.1,42.4
82,rpi-4a,13.6,10.7,18.1,11.8,9.0,9.2,15.4
83,rpi-8a,222.4,241.1,12.7,435.1,228.3,232.6,433.8
84,odroid1,159.4,177.3,168.2,170.4,172.1,331.7,166.7
85,rpi-8a,18.4,433.2,5.8,210.0,223.7,216.8,545.6
86,rpi-8c,13.0,16.9,19.2,7.8,1894.5,20.2,15.7
87,odroid3,164.8,170.0,169.1,169.1,171.9,175.1,168.6
88,rpi-4a,16.7,23.1,1042.2,407.8,15.0,17.5,18.8
89,odroid1,160.0,169.6,171.5,168.5,168.5,171.9,169.9
90,rpi-4a,14.8,23.1,895.2,583.7,13.4,10.3,16.2
91,rpi-8d,870.2,16.3,21.5,15.0,12.6,19.2,19.0
92,rpi-8a,438.2,21.1,222.1,228.6,227.4,218.5,205.4
93,rpi-8d,19.2,13.0,11.2,10.2,10.3,19.7,21.1
94,odroid1,161.0,170.1,157.1,169.5,164.2,163.5,163.6
95,rpi-8d,1058.9,15.1,86.1,13.4,11.5,15.1,15.0
96,rpi-4a,11.8,115.0,1077.2,414.9,15.9,17.7,22.5
97,rpi-4a,16.1,15.3,759.5,390.8,15.6,237.4,18.8
98,rpi-8b,10.2,226.5,232.4,227.6,233.5,459.0,19.7
99,rpi-8a,230.3,222.4,13.8,197.6,208.7,219.1,417.4
100,odroid3,162.4,167.8,180.9,173.3,165.6,171.7,163.7
101,rpi-8b,212.9,246.1,436.8,14.3,233.8,450.0,445.0
102,odroid3,159.6,179.1,164.4,166.4,16.2,164.6,167.5
103,odroid3,160.2,173.0,172.4,173.6,169.9,165.7,163.5
104,rpi-8c,13.9,16.6,412.6,23.4,782.4,19.2,12.7
105,odroid1,161.9,170.5,174.2,174.7,168.5,163.5,167.6
106,odroid4,169.5,179.2,176.7,170.8,174.7,171.1,178.2
107,odroid1,161.3,164.3,165.4,170.4,168.6,162.2,164.0
108,odroid1,163.4,173.5,175.2,168.4,168.1,163.2,165.2
109,rpi-8b,227.3,443.6,350.3,222.2,229.0,229.8,218.6
110,odroid4,168.7,169.8,179.8,177.4,178.3,173.2,170.5
111,odroid2,166.0,182.0,152.9,169.8,165.7,168.7,166.1
112,rpi-8b,224.3,237.9,251.5,480.0,19.1,234.3,231.3
113,rpi-8a,415.7,15.2,231.1,236.7,427.5,14.2,224.7
114,odroid1,155.9,177.1,165.2,8.2,163.6,299.2,325.3
115,odroid2,164.0,178.3,165.6,175.1,171.1,171.5,171.8
116,odroid3,164.1,172.4,169.6,166.6,167.1,171.8,164.4
117,rpi-8c,18.1,16.8,14.9,20.2,772.8,16.7,12.0
118,rpi-8b,216.8,241.1,426.4,225.0,223.6,429.7,18.9
119,odroid2,159.2,189.1,157.5,174.4,163.8,162.3,334.4
120,rpi-8a,17.1,24.9,225.4,392.4,17.2,236.3,222.0
121,rpi-8b,12.0,437.6,237.1,229.8,227.8,439.0,19.0
122,rpi-4a,15.9,18.6,967.2,16.5,17.0,15.7,13.2
123,odroid4,166.7,178.0,183.4,106.5,171.8,175.4,173.0
124,odroid2,166.1,404.0,151.2,415.0,170.0,172.4,17.4
125,rpi-8b,13.7,23.8,208.9,217.3,215.0,231.2,228.1
126,rpi-8b,8.9,235.5,222.0,420.4,17.2,243.4,454.7
127,odroid1,158.2,159.0,173.3,165.2,166.4,165.3,164.6
128,odroid1,160.4,171.8,185.1,170.2,170.1,166.6,165.9
129,odroid3,167.0,167.2,172.0,171.1,172.7,162.7,162.3
130,rpi-8a,15.3,225.2,217.7,462.1,17.8,224.5,224.6
131,rpi-8d,17.5,27.1,909.0,869.5,14.3,16.3,16.1
132,odroid2,166.1,180.4,159.9,167.6,210.2,170.6,10.8
133,odroid1,7.7,166.8,167.8,9.1,166.3,165.3,11.5
134,rpi-4a,11.4,237.7,947.2,13.7,19.6,15.4,16.9
135,odroid1,161.2,172.9,158.5,375.3,11.7,169.8,338.8
136,odroid3,168.0,162.7,174.6,170.3,169.4,168.7,165.0
137,rpi-4a,8.0,19.7,1523.4,610.2,14.1,17.2,18.9
138,rpi-8a,22.8,234.5,365.6,203.2,236.7,225.7,425.5
139,odroid1,160.3,159.2,170.6,359.6,165.8,162.9,166.9
140,rpi-8b,14.9,60.5,227.4,215.1,102.0,222.4,225.2
141,rpi-8b,18.7,226.7,14.3,202.8,227.2,231.1,428.6
142,rpi-8c,20.0,16.9,18.6,872.5,13.1,19.7,14.3
143,rpi-8a,13.0,174.4,13.3,203.1,218.8,225.2,16.9
144,odroid3,165.8,165.6,165.2,170.5,172.2,164.6,168.1
145,rpi-4a,15.3,11.9,902.2,444.0,18.5,23.0,19.9
146,odroid1,156.8,174.0,168.3,164.1,162.4,168.1,164.7
147,rpi-8b,12.7,234.7,222.8,210.1,227.5,228.8,434.9
148,rpi-8b,8.1,14.7,889.0,419.2,16.2,235.5,229.6
149,odroid3,165.9,170.7,164.4,173.1,170.1,167.6,165.1
150,odroid1,160.0,165.1,170.2,166.0,166.9,169.3,168.3
151,odroid2,163.8,185.3,156.6,174.1,170.6,170.4,167.7
152,odroid4,164.7,171.8,174.7,176.1,175.7,171.2,173.3
153,rpi-8c,18.9,68.8,163.7,86.3,45.4,103.9,95.3
154,odroid2,165.1,174.5,160.2,176.5,9.1,167.4,345.8
155,odroid1,163.5,10.1,171.1,398.5,169.3,167.6,168.9
156,odroid2,14.7,172.0,206.5,168.5,172.1,8.9,164.4
157,odroid2,20.1,176.1,155.1,168.7,168.8,168.8,15.3
158,odroid2,169.4,180.3,159.7,174.1,170.5,170.2,170.0
159,odroid4,163.7,185.0,170.4,175.4,174.4,173.9,176.0
160,odroid1,162.7,167.4,166.4,167.6,166.7,164.0,168.1
161,odroid3,164.8,171.3,164.8,172.3,169.5,163.5,165.6
162,rpi-4a,11.6,227.5,1679.2,16.5,16.8,11.8,20.9
163,rpi-4a,9.1,21.7,412.1,13.6,11.5,13.1,14.0
164,odroid4,166.8,172.1,184.7,168.2,173.3,174.4,175.1
165,rpi-4a,7.9,1416.1,361.3,5.7,10.0,13.7,426.0
166,rpi-8c,748.4,25.2,86.6,69.0,17.3,82.8,68.8
167,rpi-8d,15.6,21.1,9.3,888.5,15.4,15.8,13.5
168,odroid1,158.8,178.9,169.5,170.0,175.2,172.9,164.7
169,rpi-4a,14.7,228.6,1566.6,16.5,13.9,14.8,19.1
170,odroid4,171.1,184.1,171.5,174.7,177.0,175.6,166.8
171,rpi-4a,12.9,16.0,11.9,8.2,10.4,20.3,14.1
172,rpi-4a,11.1,15.7,375.7,12.7,20.8,14.0,18.5
173,odroid3,162.5,169.0,168.7,171.1,168.1,168.2,164.4
174,odroid4,167.9,173.5,179.8,174.0,175.0,171.1,172.3
175,rpi-8a,9.8,235.4,232.9,427.5,225.6,429.7,238.5
176,odroid1,160.1,166.8,168.6,160.6,162.8,166.3,166.5
177,rpi-4a,11.2,238.3,850.1,405.8,13.2,18.6,227.9
178,odroid2,167.7,178.9,157.1,174.1,174.5,168.9,11.8
179,odroid2,168.1,181.1,157.4,168.0,170.7,164.8,167.4
180,rpi-8d,23.0,19.2,1396.1,8.6,11.0,14.0,16.6
181,rpi-8a,13.0,225.5,224.3,221.9,216.5,14.4,214.8
182,rpi-8a,224.1,236.1,427.2,20.7,224.5,235.9,227.0
183,rpi-8c,10.4,1486.4,14.6,20.6,19.0,22.3,18.4
184,rpi-8b,18.2,81.8,227.4,441.2,229.6,454.5,20.9
185,odroid1,161.0,197.2,168.7,437.5,14.0,168.0,21.0
186,rpi-4a,20.2,596.6,804.4,19.1,15.7,18.2,13.3
187,rpi-4a,12.0,27.5,1608.5,13.8,17.7,15.1,17.5
188,rpi-8b,223.3,244.9,414.8,1.5,233.2,223.1,432.5
189,rpi-8c,22.0,1255.6,21.5,17.0,18.6,20.4,15.6
190,odroid2,165.1,180.8,161.1,172.7,173.9,170.6,166.9
191,rpi-4a,17.6,19.9,1582.9,12.5,11.3,16.5,15.9
192,odroid2,161.7,185.8,3.1,23.0,6.2,169.0,168.4
193,rpi-8d,17.2,20.5,1403.8,5.5,6.9,14.0,17.4
194,rpi-8c,15.1,85.4,130.0,107.3,49.5,21.3,95.2
195,rpi-4a,15.4,1567.8,1577.2,14.2,9.3,18.5,16.0
196,rpi-8d,18.5,16.3,1512.2,18.1,15.6,16.2,20.8
197,rpi-8b,15.4,233.0,232.9,230.8,229.3,428.7,22.6
198,odroid2,167.1,174.8,160.7,167.5,171.5,168.2,172.4
199,odroid4,173.1,176.5,176.2,174.9,171.4,170.4,171.0
200,rpi-4a,14.4,227.0,1762.6,18.0,8.8,16.9,17.7
201,odroid1,162.2,167.4,170.8,167.7,169.1,164.8,162.2
202,rpi-8d,21.0,23.9,1558.4,13.5,16.4,17.9,16.8
203,rpi-8c,15.5,656.6,1567.5,6.2,9.8,17.9,16.8
204,odroid2,167.3,173.9,166.6,171.0,173.7,171.3,168.4
205,rpi-8a,13.3,12.6,217.7,200.4,206.5,226.3,229.2
206,rpi-8b,13.0,238.8,224.6,231.9,434.7,429.6,440.5
207,rpi-4a,19.2,1233.7,1124.8,16.3,15.8,17.1,10.6
208,odroid1,158.2,176.4,168.4,167.1,169.1,171.8,170.3
209,odroid3,164.6,174.0,165.7,170.1,172.9,167.4,162.8
210,rpi-8d,993.2,12.5,23.6,15.1,1263.6,20.8,13.4
211,rpi-8a,14.0,460.3,24.6,225.6,98.7,426.5,18.2
212,odroid4,152.4,180.4,172.5,170.2,171.6,171.0,174.4
213,rpi-8c,14.9,25.3,20.4,28.7,10.3,18.7,171.8
214,odroid2,165.0,178.5,154.2,171.6,167.9,169.8,169.0
215,odroid4,167.6,219.0,183.0,411.6,168.8,170.4,177.0
216,odroid4,164.6,177.9,181.7,178.9,177.2,174.5,174.1
217,odroid3,166.7,168.9,163.4,173.1,167.2,163.0,168.8
218,rpi-8b,213.7,244.7,220.6,438.7,26.6,235.9,229.2
219,odroid3,163.2,173.1,170.8,169.5,171.8,170.8,169.9
220,rpi-8d,14.9,16.7,18.7,1429.6,15.1,18.2,14.8
221,rpi-4a,14.5,18.1,1378.5,13.2,13.1,14.3,15.6
222,rpi-4a,13.3,1314.5,531.2,8.7,15.1,16.8,21.7
223,odroid2,18.5,185.2,13.5,68.1,163.1,13.3,169.7
224,odroid3,69.9,171.9,172.0,171.3,164.7,161.8,166.5
225,odroid2,162.2,186.6,157.7,174.3,174.7,174.7,171.3
226,odroid3,161.5,165.6,171.9,172.0,169.0,169.6,166.7
227,odroid1,159.0,165.0,170.4,170.2,168.1,166.7,167.0
228,rpi-8a,427.6,14.9,222.7,212.3,419.7,222.3,439.8
229,rpi-8c,183.2,65.5,151.0,20.3,121.5,112.6,64.3
230,rpi-4a,19.0,24.5,874.8,600.1,7.8,17.6,17.3
231,odroid1,7.9,164.0,165.7,171.3,168.8,7.8,161.2
232,rpi-8b,217.3,547.2,223.0,494.0,448.9,225.9,449.8
233,rpi-4a,15.5,15.4,869.9,616.0,437.4,12.5,16.8
234,odroid3,162.4,167.4,166.4,164.4,166.8,171.4,166.2
235,rpi-8b,448.5,19.0,222.0,234.6,23.2,17.3,225.3
236,odroid1,163.8,168.1,173.3,174.0,167.0,161.2,164.6
237,rpi-8d,20.1,17.3,398.8,874.9,13.9,16.6,21.1
238,odroid3,166.4,166.8,171.6,170.6,170.9,166.3,165.9
239,rpi-4a,12.4,22.5,1073.3,16.0,17.2,14.9,15.2
240,rpi-8d,26.6,1400.4,17.0,12.7,668.7,21.5,13.7
241,rpi-8a,436.8,15.2,237.5,236.4,466.0,16.2,220.9
242,rpi-8a,15.3,17.7,107.7,218.2,222.6,419.6,13.5
243,odroid4,167.8,172.0,181.5,176.1,177.2,172.2,175.2
244,rpi-8b,218.3,246.1,228.0,17.8,225.7,19.7,450.9
245,odroid2,167.2,183.1,158.3,175.3,174.0,167.9,162.6
246,odroid4,168.4,168.7,177.0,176.9,176.5,169.8,171.5
247,odroid4,170.5,172.7,175.3,179.2,175.9,166.5,170.7
248,rpi-4a,18.8,17.8,966.0,14.2,9.6,17.5,16.4
249,odroid2,165.2,169.0,159.6,177.2,174.8,10.4,166.2
250,odroid1,167.6,170.0,176.5,168.4,161.5,167.4,165.8
251,rpi-8b,91.0,240.5,236.3,17.0,20.4,221.2,233.6
252,odroid2,166.1,181.8,168.3,170.3,170.7,166.6,167.1
253,odroid4,166.7,172.3,179.1,172.0,169.1,170.9,177.0
254,rpi-8d,19.7,20.4,1620.0,7.6,12.9,15.0,15.9
255,odroid2,160.1,185.2,159.4,172.8,164.4,167.7,171.0
256,odroid3,170.3,167.2,175.0,170.6,171.3,169.3,165.7
257,odroid1,161.1,165.8,168.7,167.1,171.6,169.0,164.6
258,odroid3,162.9,167.1,180.2,174.8,169.3,169.8,165.7
259,rpi-8c,12.6,78.0,150.6,15.0,16.1,68.9,81.0
260,odroid1,158.9,171.4,168.1,163.8,165.9,163.0,162.2
261,odroid3,165.1,176.2,173.8,174.9,172.1,172.5,165.9
262,rpi-8a,15.6,440.5,9.9,213.6,224.3,234.2,17.5
263,odroid3,165.9,169.4,165.9,177.3,172.4,166.9,164.8
264,rpi-8b,18.3,16.6,224.8,205.6,389.1,16.0,441.6
265,odroid1,164.2,165.2,180.3,166.0,167.3,169.7,163.4
266,rpi-4a,13.4,1484.2,923.7,8.6,11.9,15.7,13.1
267,rpi-8c,8.9,48.3,136.3,48.1,34.4,61.4,70.9
268,rpi-4a,10.3,1093.1,369.3,6.5,12.3,17.1,14.5
269,odroid3,166.3,177.1,163.6,10.5,165.4,339.0,161.7
270,odroid4,167.2,179.7,181.2,175.8,175.2,173.5,175.2
271,odroid4,165.4,180.2,182.7,173.3,173.1,174.0,171.8
272,odroid3,166.2,174.9,176.3,174.6,170.8,170.8,168.0
273,odroid4,167.3,180.3,176.0,176.7,173.3,174.4,171.6
274,rpi-8c,19.6,14.8,1450.4,1706.2,21.5,18.7,18.0
275,odroid3,158.8,170.8,170.1,165.9,165.5,167.7,168.6
276,rpi-8a,424.4,237.3,229.2,239.8,429.1,19.1,426.3
277,rpi-8d,7.4,70.7,96.2,1602.2,17.6,14.1,24.5
278,rpi-8b,11.9,231.4,204.8,202.5,53.5,240.3,446.7
279,rpi-8b,214.6,431.0,9.6,221.4,401.8,233.4,441.6
280,rpi-8a,215.5,217.6,242.5,420.9,153.2,441.4,20.7
281,odroid3,162.8,167.6,162.9,167.2,167.1,164.9,166.4
282,rpi-4a,13.6,19.9,837.9,603.3,21.6,24.2,18.3
283,odroid1,163.5,168.2,166.4,5.8,161.8,161.8,168.2
284,rpi-8c,18.2,15.4,23.6,75.3,18.7,18.2,13.2
285,odroid2,167.8,183.3,162.1,172.9,171.1,168.7,168.2
286,rpi-8c,10.0,175.4,35.0,86.7,59.8,93.9,75.4
287,rpi-4a,16.4,24.0,1092.5,427.5,14.0,23.4,13.9
288,rpi-4a,18.9,16.2,911.3,405.1,20.9,20.7,16.6
289,rpi-8a,220.3,234.6,404.5,8.6,227.1,236.7,429.1
290,odroid2,158.1,186.9,162.9,177.4,11.4,170.4,171.3
291,rpi-4a,13.9,1268.7,39.1,598.2,21.5,16.8,20.4
292,rpi-4a,13.0,14.6,931.8,579.6,11.1,12.6,634.5
293,rpi-8b,16.0,232.5,223.6,218.6,212.1,425.5,15.4
294,odroid2,4.7,183.8,364.6,12.0,374.7,14.0,230.7
295,rpi-8b,14.8,230.3,216.4,213.5,399.8,17.2,432.9
296,rpi-8b,227.5,470.1,26.9,19.2,237.9,232.9,229.6
297,odroid4,159.4,180.6,168.4,171.8,169.6,171.7,175.8
298,rpi-8b,429.0,17.3,223.4,448.7,23.6,19.7,229.3
299,odroid4,165.6,180.5,173.4,173.0,170.0,171.8,171.5
300,rpi-8a,15.0,432.4,13.6,232.8,230.7,227.7,419.2
301,rpi-8b,152.0,231.0,238.6,17.7,229.2,436.1,24.0
302,odroid2,163.5,175.3,163.7,171.7,168.3,162.2,170.2
303,rpi-8c,92.2,1080.5,125.3,25.3,129.2,71.7,18.0
304,odroid2,168.4,181.2,37.7,170.1,170.2,166.9,165.3
305,rpi-4a,1386.1,1285.0,15.2,14.1,17.3,23.1,12.9
306,odroid3,160.8,168.7,164.4,178.3,167.5,164.4,166.7
307,rpi-4a,12.0,23.7,741.8,416.8,17.5,21.4,21.9
308,odroid2,164.6,181.6,164.0,172.1,167.5,170.5,168.1
309,odroid4,165.9,170.1,176.8,172.8,174.8,14.9,173.5
310,rpi-8c,998.7,18.6,27.8,65.6,97.4,17.8,756.7
311,rpi-8b,11.6,14.4,222.0,206.9,207.8,422.6,14.2
312,rpi-8b,10.0,231.5,224.5,235.9,414.4,14.9,227.7
313,odroid3,162.1,167.6,173.2,170.7,167.0,167.9,167.0
314,odroid2,168.1,182.8,163.6,174.8,168.2,170.3,172.0
315,rpi-8d,45.1,80.8,110.4,17.0,17.9,89.0,81.6
316,rpi-4a,12.7,18.4,945.2,404.6,15.3,20.0,15.4
317,rpi-4a,9.2,1401.9,429.4,14.4,22.7,23.4,19.4
318,rpi-4a,15.9,24.2,979.3,16.7,20.4,20.4,19.0
319,odroid1,163.4,170.6,169.4,172.9,170.3,166.4,166.4
320,odroid1,161.0,169.8,171.8,412.1,166.7,169.2,163.3
321,odroid4,170.8,175.0,179.7,172.2,173.6,175.0,171.9
322,rpi-8a,15.7,232.1,236.7,460.1,229.3,421.9,226.2
323,rpi-8c,12.5,17.7,867.9,8.8,460.9,21.8,16.7
324,odroid3,162.5,173.3,172.7,169.7,174.1,169.9,164.8
325,odroid3,164.0,176.3,173.6,170.6,172.5,170.0,166.3
326,odroid1,157.9,168.3,164.5,165.8,169.8,167.6,167.0
327,rpi-8d,12.6,20.6,1600.4,13.7,11.7,18.6,17.3
328,odroid4,167.5,179.4,183.2,175.9,172.8,174.6,175.9
329,odroid1,164.4,163.1,167.6,166.2,164.3,166.8,161.3
330,odroid2,163.1,180.8,155.0,170.1,166.3,17.0,166.0
331,odroid4,166.9,166.5,178.3,179.7,173.4,173.2,170.1
332,rpi-8c,12.2,58.4,143.7,25.3,13.1,24.7,66.8
333,odroid1,161.5,166.9,168.1,13.5,127.3,319.4,165.2
334,rpi-8d,15.4,1197.8,14.2,11.7,20.5,16.3,15.5
335,odroid1,86.6,178.9,163.4,14.7,113.3,337.7,304.6
336,rpi-8c,906.3,1460.5,19.9,16.8,19.5,17.7,16.3
337,rpi-4a,17.8,19.3,1037.1,14.9,14.3,16.2,17.1
338,odroid3,18.6,175.6,162.5,164.3,167.5,168.1,169.8
339,odroid3,164.7,167.5,167.2,18.1,168.5,169.2,11.1
340,rpi-8d,15.8,21.9,83.9,908.3,20.6,20.6,20.5
341,odroid1,161.8,163.4,165.2,161.2,166.9,164.5,167.5
342,odroid2,161.1,179.7,149.7,167.8,11.9,167.5,166.5
343,odroid3,166.5,178.6,173.5,168.5,174.4,166.9,165.3
344,odroid1,164.7,169.8,158.7,174.2,168.3,165.5,164.5
345,odroid3,167.0,165.3,172.9,177.9,173.8,173.8,170.5
346,rpi-8d,9.3,23.1,20.7,1.7,8.4,77.4,87.4
347,rpi-8d,21.6,18.1,26.1,934.9,534.5,15.3,16.9
348,odroid4,18.6,170.8,236.6,170.9,168.2,167.1,171.1
349,odroid4,173.4,182.2,181.3,171.1,171.0,170.3,173.7
350,odroid4,167.6,175.7,172.7,168.9,171.2,173.9,173.1
351,rpi-8d,21.8,23.7,25.0,6.1,13.7,18.4,15.1
352,rpi-8c,13.7,13.8,28.3,938.2,1126.8,20.6,17.8
353,rpi-8a,9.6,224.5,217.3,223.7,214.8,224.3,218.9
354,odroid3,164.3,174.4,174.2,173.3,173.5,166.5,167.4
355,rpi-8a,212.6,225.6,232.6,12.2,228.1,232.1,448.1
356,rpi-8d,980.6,809.9,13.3,11.3,19.2,26.2,13.4
357,rpi-8a,88.3,229.1,948.0,222.6,147.5,228.6,450.5
358,rpi-8d,21.7,23.3,103.6,409.8,18.0,21.5,19.1
359,odroid3,8.4,27.6,165.7,166.8,164.9,12.8,166.9
360,rpi-8c,1976.3,1944.6,15.1,17.5,20.0,18.7,12.8
361,rpi-8a,11.7,433.3,12.9,232.8,231.3,227.3,445.6
362,rpi-4a,12.9,18.8,26.5,571.4,10.6,13.5,14.9
363,rpi-8a,15.9,11.3,220.6,223.1,410.9,549.2,439.6
364,odroid2,165.5,181.1,152.2,170.4,170.4,169.9,168.0
365,rpi-8b,14.6,19.9,768.0,427.0,220.3,430.9,18.0
366,odroid4,170.0,177.3,174.7,174.8,175.6,173.2,172.7
367,odroid2,162.4,181.4,155.1,173.1,164.8,162.8,346.6
368,rpi-8c,15.5,1524.7,27.7,18.6,16.0,14.9,17.5
369,odroid3,166.4,171.3,163.1,407.7,171.4,170.0,167.9
370,rpi-8c,883.2,28.0,22.1,15.9,18.1,57.0,87.7
371,odroid3,159.3,172.9,175.5,178.1,173.3,169.7,167.6
372,odroid4,167.4,177.0,181.3,171.2,172.5,172.7,171.1
373,odroid4,162.9,175.6,174.6,167.5,171.7,170.7,173.2
374,rpi-8d,15.5,21.5,20.9,202.4,22.9,850.0,79.0
375,rpi-8c,29.6,1133.6,16.4,13.7,12.6,17.5,24.2
376,rpi-8c,8.4,1116.4,9.8,12.8,9.9,16.8,21.7
377,rpi-8d,17.8,442.9,23.9,13.0,15.2,11.5,11.9
378,rpi-8a,444.8,18.3,232.4,244.2,452.2,18.1,218.0
379,rpi-8c,18.4,18.0,1544.2,19.5,17.6,18.3,14.7
380,odroid3,166.0,168.3,172.8,169.8,173.3,166.0,163.5
381,rpi-8d,1222.3,1057.9,13.2,18.6,17.4,22.0,13.7
382,odroid4,171.6,179.0,178.3,174.1,171.1,170.1,174.0
383,odroid1,161.5,182.1,13.0,15.6,107.1,332.8,165.2
384,odroid3,164.8,175.1,171.8,177.0,171.6,167.1,168.9
385,rpi-4a,17.5,18.4,24.3,604.9,450.1,16.1,14.4
386,odroid4,171.3,181.8,177.8,174.9,170.9,175.8,170.6
387,rpi-8d,17.6,17.6,13.8,755.9,539.4,14.6,16.6
388,rpi-8d,15.4,87.0,1895.3,14.0,129.1,18.5,15.9
389,odroid1,163.0,366.7,167.7,167.1,168.0,163.8,168.0
390,odroid1,159.4,170.6,162.7,172.2,167.1,162.3,165.7
391,rpi-8a,17.0,16.8,18.3,234.0,391.6,16.8,211.8
392,odroid1,160.9,170.2,165.1,169.3,166.1,164.8,166.9
393,rpi-8c,760.7,1634.6,16.6,16.9,18.1,57.6,61.8
394,rpi-8d,19.1,90.2,25.1,18.6,1591.1,20.1,20.4
395,rpi-4a,13.7,25.1,916.5,14.5,15.4,20.8,19.9
396,rpi-8a,221.1,446.1,16.5,230.4,225.1,221.8,429.1
397,rpi-8a,122.3,240.3,231.1,436.6,22.8,232.1,432.6
398,rpi-4a,12.7,237.6,1455.9,13.1,10.7,19.5,13.1
399,odroid1,161.2,166.7,174.2,166.4,166.1,163.4,163.1
400,rpi-8b,215.2,234.7,239.4,235.6,218.5,419.6,234.4
401,rpi-4a,13.9,2005.8,913.7,17.4,15.6,13.0,16.2
402,rpi-8b,439.2,22.2,219.5,215.0,45.8,215.2,228.2
403,odroid2,163.2,180.8,14.0,172.9,363.6,169.7,168.0
404,rpi-8a,11.6,228.8,231.7,222.5,213.2,433.0,19.6
405,odroid3,15.4,15.3,170.9,163.5,171.8,15.4,164.8
406,rpi-8a,11.6,362.3,223.2,230.7,426.9,15.1,436.9
407,rpi-8b,222.4,243.1,245.7,29.5,222.9,446.7,232.7
408,odroid3,160.7,171.2,168.7,169.0,167.1,169.3,167.4
409,odroid1,161.4,170.2,163.3,168.5,165.1,164.3,169.1
410,odroid4,168.0,167.2,180.7,434.7,173.4,175.8,172.9
411,rpi-8c,13.8,95.5,1794.7,23.3,18.5,23.5,21.6
412,odroid2,167.0,172.3,152.0,166.3,166.3,167.6,167.5
413,odroid2,12.4,172.7,201.7,164.8,420.1,8.1,168.3
414,rpi-8a,422.6,230.1,230.1,450.5,14.1,232.9,18.6
415,rpi-4a,9.6,22.1,1078.5,593.8,11.5,16.9,22.8
416,rpi-8c,1055.2,12.2,17.4,9.8,14.8,109.9,11.9
417,odroid2,172.0,184.4,1.9,87.1,164.5,169.6,167.0
418,odroid4,20.9,174.2,170.6,166.4,399.2,166.0,173.6
419,odroid3,164.5,171.5,163.4,171.9,170.4,166.4,166.0
420,odroid3,166.7,172.1,168.3,168.0,166.9,167.5,166.4
421,odroid3,166.5,170.5,175.9,174.5,168.3,169.1,168.0
422,rpi-8c,15.2,22.8,13.2,858.0,14.4,15.0,15.6
423,rpi-8b,13.8,229.6,223.2,217.4,220.9,452.2,22.1
424,rpi-8a,218.2,230.2,226.9,239.1,446.8,17.7,433.7
425,rpi-8a,13.1,438.2,227.7,219.3,232.0,236.8,419.8
426,odroid3,162.9,174.8,164.1,165.1,169.2,168.2,167.7
427,rpi-8d,17.8,14.1,0.9,1301.0,11.0,18.2,14.7
428,odroid2,148.8,185.6,84.0,173.0,174.4,18.2,166.6
429,odroid2,163.0,184.1,157.1,169.9,13.2,170.4,169.4
430,rpi-4a,10.0,1408.4,368.3,17.0,12.4,17.3,19.8
431,rpi-8b,438.5,20.5,218.4,208.9,218.8,434.0,430.2
432,rpi-8b,14.5,25.1,232.0,451.6,23.5,242.0,221.0
433,rpi-8a,220.4,234.2,436.1,18.9,222.6,224.3,215.6
434,odroid1,157.0,10.2,161.5,396.6,168.5,170.1,17.2
435,odroid4,171.3,169.8,187.1,173.4,176.1,167.6,173.7
436,rpi-8b,219.3,476.7,9.3,20.9,247.8,242.6,212.8
437,odroid1,162.8,173.4,168.7,168.0,162.9,163.7,164.3
438,odroid4,168.6,174.2,180.9,171.7,174.8,173.3,172.8
439,rpi-8a,15.0,28.6,8.9,210.8,224.8,225.8,428.5
440,rpi-8b,218.1,429.7,224.9,235.9,238.3,438.7,19.1
441,odroid2,162.6,170.6,156.7,166.3,169.8,172.0,167.9
442,odroid2,163.4,179.5,155.1,173.4,172.4,172.9,169.8
443,odroid2,159.5,548.9,162.6,167.0,167.5,12.9,20.2
444,rpi-8b,452.6,24.1,216.3,230.3,421.1,226.9,436.7
445,odroid3,164.7,168.5,174.4,170.4,169.7,167.2,164.5
446,odroid4,167.0,176.1,179.2,172.4,172.9,163.8,172.2
447,rpi-8c,120.3,1055.6,17.1,10.9,17.2,22.4,18.2
448,odroid3,163.5,174.3,171.4,172.2,169.2,167.2,164.4
449,rpi-8d,18.6,62.2,1871.5,20.4,19.0,22.0,15.0
450,rpi-8a,221.9,240.2,380.4,10.7,240.4,236.9,224.3
451,rpi-8c,14.4,727.1,386.7,8.8,2066.4,21.6,18.2
452,rpi-8b,106.2,236.2,479.9,25.7,231.4,441.9,240.5
453,odroid4,163.6,182.0,176.9,170.8,173.2,175.1,176.3
454,rpi-8c,155.3,102.1,130.2,19.9,123.4,100.8,55.0
455,odroid2,172.8,175.2,159.0,176.4,172.3,164.0,163.9
456,odroid1,160.3,167.8,164.1,168.1,164.7,164.2,164.1
457,rpi-8c,14.8,15.5,97.4,12.3,19.1,82.6,42.1
458,rpi-8b,430.1,228.9,222.4,233.9,463.2,18.7,435.8
459,odroid4,164.6,170.9,178.3,171.7,171.7,175.7,176.1
460,rpi-8d,14.3,18.9,1681.8,12.9,15.6,12.9,18.6
461,rpi-8a,223.5,236.4,228.0,18.6,237.5,232.2,224.7
462,rpi-4a,18.4,1604.4,821.4,21.1,18.0,21.1,11.7
463,odroid4,169.5,172.2,188.4,169.9,176.4,174.0,174.4
464,rpi-8b,216.6,236.1,225.6,472.8,25.3,238.8,224.7
465,rpi-8b,17.0,426.9,2.5,219.9,420.4,227.1,225.6
466,rpi-8d,15.2,19.3,1627.2,15.1,16.4,14.4,12.2
467,rpi-8d,14.1,8.5,403.8,11.5,366.5,10.1,439.2
468,odroid4,171.5,175.9,183.6,176.6,178.3,172.8,173.5
469,odroid3,160.5,173.1,162.0,172.2,171.3,169.5,165.4
470,rpi-8c,129.7,181.5,25.3,14.5,112.8,144.7,62.6
471,odroid2,160.1,183.8,4.1,169.2,3.9,167.9,349.3
472,rpi-8a,220.0,225.4,1261.2,4.4,68.5,229.7,441.0
473,odroid4,168.0,180.5,180.3,173.0,171.8,173.7,178.3
474,odroid2,167.5,182.7,10.6,168.2,378.8,16.0,166.3
475,rpi-8c,14.6,22.4,12.9,11.0,10.2,81.0,597.1
476,rpi-8d,21.9,1451.6,22.2,12.2,15.5,18.4,19.0
477,odroid2,162.8,181.4,156.4,425.3,169.6,170.1,166.1
478,odroid3,161.8,166.5,171.7,175.4,170.8,168.2,164.5
479,rpi-8d,15.1,16.2,1069.3,1575.5,14.7,18.5,19.9
480,rpi-8b,17.6,16.1,221.0,413.2,215.0,446.6,20.9
481,odroid4,164.1,175.8,171.8,171.8,176.3,175.4,173.7
482,odroid4,170.1,169.2,186.3,178.2,178.4,171.2,172.1
483,rpi-8d,15.0,21.3,1681.8,1071.2,18.4,13.3,18.1
484,odroid2,165.2,186.7,5.8,171.0,13.8,171.9,337.9
485,odroid4,165.9,173.0,175.3,176.0,177.2,171.2,172.5
486,rpi-8c,12.4,12.1,9.7,5.6,12.0,745.2,24.6
487,odroid1,158.4,166.2,168.5,167.7,166.4,160.9,168.4
488,odroid3,158.0,171.0,174.4,172.8,166.7,165.7,167.8
489,rpi-8b,217.4,225.2,227.8,423.7,220.0,170.5,233.1
490,odroid4,165.7,179.4,180.2,174.3,176.0,173.4,171.1
491,rpi-8b,217.7,230.9,233.4,445.5,27.6,439.3,456.7
492,rpi-8b,220.7,239.8,237.2,18.2,235.3,433.9,232.6
493,rpi-8d,13.7,13.9,88.6,9.1,18.1,79.6,50.1
494,odroid3,160.9,163.7,173.1,171.5,171.2,167.7,165.4
495,odroid4,171.9,177.1,178.4,179.2,174.5,168.5,171.8
496,rpi-8b,24.8,93.1,233.6,242.5,446.7,17.4,227.6
497,odroid4,165.4,170.9,186.7,172.5,176.7,174.0,174.4
498,rpi-8b,214.0,244.8,392.7,11.0,238.7,238.0,452.8
499,rpi-8b,9.0,244.5,229.7,429.5,14.9,241.8,240.3
500,odroid3,162.8,174.0,177.2,171.2,170.7,171.6,166.2
501,odroid4,168.8,175.9,176.5,175.4,171.0,175.7,175.9
502,rpi-8c,16.4,17.8,22.3,21.8,10.8,13.7,63.3
503,odroid2,164.5,178.1,167.6,173.9,173.4,168.7,164.3
504,odroid2,160.1,185.6,159.5,170.9,161.4,170.1,168.8
505,rpi-8d,18.4,19.4,25.3,1602.2,16.0,19.7,20.3
506,odroid1,162.1,171.3,161.5,169.6,168.2,165.9,167.6
507,odroid4,170.0,169.0,177.2,173.1,171.7,171.6,170.6
508,rpi-8c,1147.8,1327.0,17.4,16.2,18.4,12.9,11.8
509,rpi-8a,9.2,235.4,391.6,360.5,212.5,242.2,444.0
510,odroid2,163.0,174.6,151.7,171.1,172.6,168.1,164.4
511,rpi-8b,14.3,228.3,219.3,401.8,229.0,449.0,19.2
512,rpi-8a,223.8,432.7,17.8,212.9,220.3,445.4,428.6
513,odroid4,169.8,182.5,172.9,174.4,171.2,171.4,171.4
514,rpi-8d,13.2,20.2,739.7,398.3,22.0,16.4,24.7
515,odroid2,161.4,188.3,156.4,172.2,166.4,166.3,163.1
516,odroid2,167.5,184.7,159.8,169.0,169.7,12.7,169.8
517,odroid2,160.5,187.1,152.8,175.6,167.9,170.9,335.4
518,odroid4,168.5,180.1,179.7,172.5,171.3,173.4,171.9
519,odroid2,168.5,182.0,163.2,170.4,168.8,169.8,169.8
520,odroid3,168.0,173.9,169.4,173.8,170.7,170.6,165.5
521,odroid2,165.1,177.9,156.8,175.9,169.1,171.6,162.9
522,rpi-8a,439.7,18.7,224.3,221.3,220.4,626.0,14.9
523,odroid3,163.0,170.3,168.3,170.3,170.6,170.0,163.2
524,rpi-8d,10.9,227.7,1370.2,5.1,9.2,16.9,17.3
525,rpi-8b,233.2,447.5,21.8,223.9,235.0,432.0,233.6
526,rpi-8d,13.6,678.0,9.2,8.3,7.5,18.0,18.7
527,odroid1,164.6,160.2,172.1,163.7,165.1,161.0,164.1
528,odroid2,167.4,181.8,162.5,173.2,170.1,14.9,165.7
529,odroid2,168.2,177.7,167.0,173.2,174.6,171.6,167.7
530,odroid1,160.8,174.9,163.1,170.5,164.5,164.4,164.6
531,odroid3,166.2,169.3,172.0,177.3,171.6,165.6,163.3
532,odroid1,164.9,160.9,162.3,165.0,167.4,160.6,165.7
533,rpi-8d,14.6,23.8,1666.8,17.5,13.2,18.9,21.8
534,rpi-4a,12.8,22.7,944.9,19.8,14.6,17.6,15.0
535,rpi-8b,15.0,230.6,223.0,448.4,223.7,435.9,16.2
536,odroid3,161.4,179.4,169.6,175.6,172.0,169.4,168.3
537,odroid4,164.9,176.9,185.5,171.4,171.5,171.9,171.1
538,rpi-8d,1369.3,17.9,18.3,9.7,12.3,21.5,12.1
539,odroid2,166.6,188.6,12.7,40.5,359.2,178.6,170.3
540,odroid4,164.4,176.2,183.1,180.9,173.9,173.8,177.4
541,odroid4,165.0,168.7,180.5,175.9,174.8,174.5,173.4
542,rpi-8b,225.3,243.7,226.4,453.9,232.0,231.7,245.2
543,rpi-4a,10.7,232.0,963.5,8.5,18.0,18.8,17.5
544,rpi-4a,16.6,20.4,1444.9,11.5,11.8,21.4,16.7
545,rpi-4a,11.5,30.1,1584.0,19.8,13.3,14.1,16.0
546,rpi-8c,861.7,18.9,12.4,20.9,72.9,818.6,70.8
547,rpi-8c,59.8,65.5,162.7,15.2,109.4,77.1,106.9
548,rpi-8b,14.5,436.1,25.2,219.8,378.6,13.9,221.1
549,rpi-8d,1219.3,1245.0,0.0,11.5,14.5,18.1,216.8
550,rpi-8b,16.0,247.7,364.7,2.6,211.5,236.1,434.9
551,odroid3,159.0,170.2,167.8,173.2,169.6,170.7,166.6
552,rpi-4a,14.4,21.3,984.8,405.0,15.2,13.8,20.1
553,odroid2,162.5,176.1,158.6,175.0,170.9,172.9,170.7
554,rpi-8b,216.1,442.5,225.4,14.7,239.1,444.1,236.5
555,rpi-8a,225.8,439.3,0.4,215.0,217.7,220.3,415.4
556,rpi-4a,16.4,17.3,1079.3,6.9,11.2,17.9,13.1
557,rpi-8b,15.1,461.0,24.5,224.5,224.0,453.5,21.2
558,rpi-8d,16.8,619.2,24.3,14.4,10.2,17.9,14.6
559,odroid2,165.0,180.6,156.7,172.3,166.5,166.0,170.6
560,rpi-8b,17.4,175.4,229.5,235.8,442.5,169.4,425.6
561,rpi-8d,16.6,12.3,383.5,81.9,106.4,16.6,23.2
562,odroid4,167.5,172.1,178.2,176.2,167.5,171.6,168.5
563,odroid1,163.0,289.8,163.9,168.1,166.9,165.7,17.0
564,rpi-8d,71.3,81.1,35.9,17.0,16.5,10.9,17.9
565,rpi-8a,15.2,18.4,237.8,215.9,140.4,419.3,18.9
566,odroid2,166.6,186.1,163.7,167.4,165.0,163.9,168.1
567,odroid1,163.1,163.6,165.0,164.7,169.7,164.2,167.1
568,odroid4,168.3,167.2,173.4,176.0,172.6,167.1,170.4
569,rpi-4a,13.1,24.2,747.5,591.5,14.9,16.0,20.1
570,rpi-4a,13.0,17.8,939.1,391.0,13.0,22.3,15.4
571,odroid4,167.4,176.7,184.5,177.8,180.2,172.1,175.9
572,rpi-8b,17.3,231.9,214.6,417.4,25.9,237.1,235.7
573,rpi-8b,20.0,25.2,10.2,214.0,218.1,232.3,432.5
574,odroid4,171.1,176.9,182.1,174.4,174.0,165.8,174.7
575,rpi-8c,867.3,529.5,16.2,21.4,18.8,18.8,82.1
576,rpi-8c,10.6,26.0,21.8,1378.9,11.0,17.7,13.9
577,odroid2,165.0,177.4,153.4,173.4,172.4,7.1,167.5
578,rpi-8b,225.5,465.7,387.8,234.5,241.0,442.8,13.3
579,odroid1,156.7,178.6,174.1,170.7,167.8,164.7,170.2
580,odroid3,163.1,168.8,172.7,174.1,167.7,166.3,165.8
581,rpi-8c,19.4,18.5,100.0,9.4,122.4,98.9,61.9
582,rpi-8b,413.8,25.3,220.5,224.5,415.8,16.3,238.5
583,rpi-8b,219.0,439.7,18.1,230.5,227.8,230.1,438.1
584,odroid1,162.5,164.0,171.1,431.6,169.9,167.7,169.2
585,odroid4,165.9,172.5,178.3,171.0,172.2,169.1,169.9
586,rpi-8c,12.1,1317.0,1353.1,21.5,20.4,12.5,17.0
587,odroid3,166.0,168.7,172.5,170.6,171.1,168.2,163.8
588,rpi-8d,11.6,19.3,12.7,1292.1,14.6,14.4,20.5
589,rpi-8a,213.3,450.4,8.4,216.9,220.9,230.0,424.8
590,rpi-8c,12.2,69.8,118.6,1604.4,17.9,15.2,14.1
591,rpi-8d,18.2,223.2,1541.4,10.4,13.9,20.5,22.0
592,odroid1,163.7,171.1,168.8,169.7,170.0,168.4,163.0
593,rpi-8d,15.0,729.3,29.0,16.5,7.7,889.9,12.5
594,odroid4,174.1,179.1,178.8,172.1,171.7,174.2,172.8
595,odroid3,163.5,171.9,178.7,172.4,171.7,170.4,164.5
596,rpi-8c,19.7,13.7,27.7,20.0,16.3,13.5,16.0
597,odroid3,165.7,170.8,173.6,174.9,166.6,171.5,162.1
598,rpi-8c,17.2,18.4,1006.7,9.0,9.4,20.9,54.0
599,rpi-4a,16.7,230.4,1475.3,9.1,18.0,17.0,18.3
600,rpi-8d,17.0,240.6,1654.5,10.1,18.3,17.1,16.2
601,odroid4,167.8,175.0,178.7,174.2,175.4,171.5,174.5
602,rpi-8a,15.1,230.3,236.8,223.5,418.2,13.2,438.7
603,odroid2,165.8,177.6,162.4,176.8,170.2,172.9,167.9
604,odroid2,167.9,181.2,157.9,171.2,175.2,168.3,165.6
605,rpi-4a,1009.7,916.0,669.0,18.1,16.0,18.8,14.8
606,rpi-8d,13.8,18.9,1438.4,627.0,498.7,13.7,21.7
607,odroid2,163.7,180.8,160.7,168.4,168.1,168.5,169.1
608,rpi-8b,13.5,484.7,233.0,228.7,236.1,23.1,233.1
609,rpi-8a,230.5,227.4,230.9,239.1,594.0,16.5,221.9
610,rpi-8c,558.7,18.1,21.0,11.5,1130.9,18.3,19.1
611,odroid3,22.8,172.8,161.9,165.8,167.1,167.7,162.3
612,rpi-8d,14.4,15.2,14.9,13.8,14.7,18.5,1088.4
613,rpi-8d,10.5,18.6,1486.5,426.0,18.1,23.1,23.0
614,rpi-4a,12.0,18.6,19.7,411.5,15.1,15.4,20.7
615,rpi-8a,213.5,446.5,12.2,230.2,17.7,222.4,604.0
616,odroid2,168.9,181.6,153.7,174.7,172.3,166.4,169.3
617,rpi-8c,100.3,16.0,144.0,21.3,149.1,62.4,65.5
618,rpi-4a,14.2,1413.8,772.2,21.9,11.2,15.5,16.2
619,odroid3,165.3,173.6,167.7,168.2,166.1,166.6,166.0
620,rpi-8d,18.5,19.3,9.3,20.6,578.3,22.8,17.1
621,odroid3,159.1,174.1,174.5,174.6,169.2,168.6,168.1
622,rpi-8c,8.1,1661.4,21.9,76.8,12.2,93.1,1065.7
623,rpi-8a,14.9,237.3,232.1,14.7,78.0,242.7,441.7
624,rpi-4a,18.7,21.9,413.2,14.9,13.2,21.5,20.2
625,odroid1,163.3,169.7,164.5,170.3,170.2,166.5,164.9
626,odroid4,165.6,177.3,183.3,174.6,175.0,173.0,172.4
627,rpi-8c,143.9,12.8,24.2,20.1,23.2,20.3,19.1
628,rpi-4a,16.0,21.3,1183.6,413.7,21.1,24.2,17.2
629,odroid3,163.6,167.4,174.8,171.0,166.0,168.7,168.2
630,rpi-8d,12.8,75.6,920.1,7.6,14.9,94.8,90.1
631,odroid3,161.9,166.2,165.0,169.8,167.5,163.5,166.0
632,rpi-8c,17.2,17.9,12.8,1.1,11.8,91.8,45.5
633,odroid3,166.2,163.7,174.5,174.5,173.8,169.4,165.3
634,rpi-8d,25.5,15.6,24.4,19.8,14.2,17.9,16.3
635,rpi-8d,118.9,1295.4,28.5,19.5,22.6,352.5,20.0
636,rpi-8d,16.0,18.2,1540.0,784.4,11.4,12.4,17.4
637,odroid3,160.9,169.2,164.0,167.9,168.2,169.8,164.5
638,odroid1,161.6,168.9,166.4,368.2,167.2,165.4,165.3
639,odroid1,162.4,172.0,170.0,170.3,166.5,168.5,170.2
640,rpi-8b,130.4,235.7,212.2,220.2,223.9,428.7,442.6
641,odroid3,164.2,171.2,170.0,170.1,170.8,167.2,170.0
642,odroid1,161.9,172.7,159.9,167.7,165.3,167.6,165.6
643,rpi-8a,15.7,226.5,223.2,206.4,227.4,406.2,20.9
644,odroid4,167.4,178.0,180.4,174.8,174.3,172.3,171.5
645,odroid4,166.1,182.1,177.7,175.3,174.6,170.2,172.4
646,odroid1,163.2,166.6,169.7,168.7,169.7,164.7,164.6
647,odroid1,158.5,165.2,168.0,170.5,161.7,159.2,163.7
648,rpi-4a,16.8,77.1,1446.4,18.4,18.8,13.6,14.9
649,rpi-4a,9.7,20.2,908.6,595.5,17.4,16.4,17.9
650,odroid3,159.8,168.5,169.1,170.1,167.5,169.4,167.8
651,rpi-8a,17.1,447.3,23.7,228.4,221.5,228.7,423.8
652,odroid4,168.2,179.8,183.4,172.6,174.9,170.6,177.0
653,odroid1,161.1,163.4,173.1,169.7,166.6,166.2,165.7
654,odroid2,161.3,184.3,157.6,174.4,170.2,167.4,168.9
655,rpi-8d,13.7,14.6,372.0,6.0,905.1,21.6,17.6
656,rpi-8c,840.3,18.9,20.0,7.6,9.1,15.5,13.3
657,odroid1,158.6,168.6,173.3,169.0,167.2,308.5,162.2
658,odroid1,158.5,160.6,163.2,162.0,166.5,163.5,166.0
659,rpi-8a,224.2,452.3,225.6,228.7,465.2,223.5,227.6
660,odroid4,170.1,183.5,177.4,178.9,178.3,170.7,175.6
661,rpi-8a,418.7,24.4,216.0,428.3,15.3,220.3,421.6
662,rpi-8d,16.2,20.2,18.6,1189.6,11.8,43.4,761.3
663,odroid2,161.6,185.2,165.5,169.1,167.2,170.0,168.8
664,odroid4,162.8,175.9,179.7,176.2,173.1,174.9,174.8
665,rpi-4a,11.9,1355.1,418.4,13.3,20.8,17.0,16.0
666,rpi-8d,10.4,17.3,22.7,1421.1,14.7,17.6,16.6
667,rpi-8b,462.9,178.3,222.4,234.2,451.2,18.2,224.9
668,rpi-4a,16.8,20.5,237.1,426.7,20.1,14.6,14.6
669,rpi-8a,12.5,20.3,226.3,384.9,221.7,429.4,18.8
670,rpi-8b,215.8,230.0,230.6,446.6,458.6,221.1,441.6
671,rpi-8d,15.7,1260.1,15.7,14.8,16.7,20.2,22.3
672,rpi-8c,13.4,17.0,146.5,1014.7,18.6,21.7,54.1
673,rpi-8c,47.9,850.5,102.5,119.4,17.7,91.3,70.8
674,rpi-4a,10.2,1446.5,372.8,15.7,17.5,19.3,18.1
675,rpi-8d,16.8,15.0,1471.0,8.8,8.8,14.0,15.8
676,odroid3,164.9,169.9,169.9,173.3,171.4,167.0,164.6
677,rpi-4a,15.4,14.6,594.7,634.6,25.7,20.4,19.4
678,odroid2,165.1,185.2,163.7,169.3,169.4,170.0,173.9
679,rpi-8c,1165.0,17.9,6.3,10.2,13.2,17.8,12.0
680,rpi-4a,11.6,22.7,1252.2,448.7,16.7,12.4,19.2
681,rpi-4a,9.3,20.9,1072.2,610.3,12.0,19.6,22.2
682,rpi-8c,22.1,13.2,15.3,8.7,547.2,13.5,435.9
683,odroid3,163.4,164.7,182.2,171.6,171.0,168.5,163.9
684,rpi-8d,20.9,17.0,107.0,14.1,14.1,763.1,17.8
685,rpi-8c,165.1,232.2,29.6,19.2,27.6,19.5,10.0
686,rpi-8b,12.2,231.9,220.3,230.5,432.8,18.0,437.5
687,rpi-4a,17.4,17.6,1035.7,621.2,14.0,17.0,17.7
688,rpi-8c,124.3,698.2,164.3,24.6,19.0,340.2,17.8
689,odroid1,158.5,171.7,163.1,162.5,169.6,331.3,168.0
690,odroid2,163.3,190.2,160.4,172.8,166.0,166.1,172.8
691,rpi-8d,15.5,19.3,102.9,1415.0,12.1,12.8,17.7
692,rpi-8c,16.6,167.3,14.9,37.5,375.3,16.2,21.7
693,rpi-8d,1327.0,14.6,11.0,947.4,18.2,17.2,16.7
694,rpi-8c,21.2,18.4,16.7,79.7,17.8,58.4,36.3
695,rpi-8b,209.2,448.6,216.1,231.4,422.0,18.4,223.1
696,rpi-8a,14.8,230.7,227.1,220.0,234.7,240.7,446.9
697,odroid3,169.8,172.1,166.6,175.6,172.4,166.4,160.2
698,odroid2,167.0,181.0,166.6,175.0,172.9,172.7,167.2
699,odroid3,166.2,169.2,167.4,166.2,168.9,170.3,165.7
700,odroid4,169.4,177.3,178.9,176.6,176.1,175.1,174.8
701,rpi-4a,15.1,21.5,895.6,615.3,16.9,18.6,16.4
702,odroid4,165.8,177.6,178.0,172.0,174.1,173.6,173.3
703,rpi-4a,12.3,233.7,476.7,18.7,215.3,13.9,15.1
704,odroid3,157.9,167.2,172.6,172.8,166.7,170.0,165.9
705,rpi-8c,14.7,19.8,28.0,14.1,9.7,92.1,22.8
706,odroid3,162.3,173.5,174.5,175.4,170.4,168.9,163.7
707,rpi-8a,227.9,453.2,21.3,209.6,223.2,233.1,418.9
708,odroid1,158.1,176.6,169.8,10.7,83.8,334.0,167.2
709,rpi-4a,17.6,24.8,969.9,636.0,20.4,15.2,16.3
710,rpi-8a,15.8,15.6,236.5,642.5,661.5,226.7,218.2
711,rpi-4a,12.2,21.2,834.8,586.1,11.6,21.4,13.5
712,odroid3,157.6,174.1,168.3,171.1,170.5,168.3,168.9
713,rpi-8a,435.2,18.3,26.2,214.9,373.4,228.8,422.9
714,rpi-8d,22.1,22.5,25.0,21.1,20.6,12.2,14.7
715,rpi-8c,12.1,71.5,114.0,18.8,116.3,446.7,21.5
716,rpi-8d,975.9,13.1,16.5,5.4,16.1,22.2,15.1
717,odroid4,167.2,171.0,178.3,168.6,176.9,174.8,171.8
718,rpi-8d,22.0,12.6,19.8,1198.2,11.4,14.1,15.1
719,odroid1,164.4,167.0,165.1,171.2,169.8,160.9,163.0
720,rpi-8a,220.7,235.7,228.2,441.1,13.4,233.0,218.9
721,rpi-8b,224.2,237.9,204.8,13.4,222.6,218.4,449.8
722,odroid1,164.1,176.0,167.9,13.4,103.2,351.7,166.3
723,rpi-8d,79.2,232.5,1775.3,13.1,18.1,19.1,18.1
724,rpi-8c,13.2,22.6,85.2,116.3,97.2,69.0,50.4
725,rpi-8a,9.9,15.3,215.7,396.1,14.6,239.7,433.9
726,rpi-8d,16.1,14.9,97.9,1232.7,13.3,17.7,21.7
727,odroid1,161.9,171.6,168.5,166.8,165.7,166.7,164.7
728,rpi-8c,12.5,20.3,131.8,23.5,112.6,19.0,18.5
729,odroid3,165.1,173.7,164.0,174.6,174.2,163.5,162.8
730,odroid2,168.1,177.9,166.7,174.1,169.8,172.1,166.9
731,rpi-8a,11.9,231.5,217.6,218.6,220.6,225.1,218.5
732,rpi-4a,10.0,1393.2,18.5,12.6,11.5,19.4,13.9
733,rpi-8a,223.9,421.5,19.9,222.2,226.3,234.3,233.2
734,odroid4,168.9,173.4,179.9,178.7,176.0,174.4,172.9
735,rpi-8b,223.1,452.4,15.5,212.8,625.4,230.4,431.5
736,rpi-8d,201.8,68.9,187.6,28.7,134.0,106.3,23.1
737,rpi-4a,12.0,174.9,8.4,10.1,9.5,17.4,223.2
738,rpi-8a,216.8,178.0,398.7,18.2,26.2,224.5,224.1
739,odroid2,162.3,183.2,160.1,174.2,168.1,166.6,166.7
740,rpi-4a,1238.7,1268.2,21.1,13.8,16.5,19.0,17.4
741,odroid1,157.2,177.0,166.6,169.9,165.6,172.2,165.2
742,rpi-8a,217.9,230.3,218.3,222.1,408.9,11.3,227.6
743,odroid4,169.5,167.1,184.9,177.3,175.3,169.5,175.2
744,rpi-8b,17.5,27.4,221.3,423.4,20.1,243.8,223.3
745,rpi-8a,207.9,436.6,13.0,213.5,213.5,234.9,16.8
746,rpi-8d,1435.7,16.9,10.9,8.3,428.0,23.6,14.4
747,rpi-8c,978.3,19.1,19.4,8.8,19.6,108.7,15.0
748,rpi-8d,13.5,26.5,77.9,902.9,87.3,22.0,18.0
749,odroid2,163.0,185.9,157.1,169.4,165.3,168.5,170.3
750,odroid2,169.0,182.8,162.1,171.1,168.7,171.0,172.9
751,rpi-8d,13.8,19.4,15.5,1.1,11.1,606.4,979.4
752,odroid3,165.8,174.5,177.9,173.7,173.9,171.0,166.1
753,rpi-4a,15.1,17.3,236.2,429.6,20.2,12.8,17.7
754,rpi-8a,214.1,242.5,402.0,26.6,236.0,236.5,426.6
755,rpi-8d,13.9,20.3,968.6,604.2,18.1,16.0,19.7
756,odroid1,158.7,255.8,162.3,164.7,162.0,162.9,308.4
757,rpi-4a,11.9,238.0,1101.6,17.7,10.6,21.1,17.1
758,odroid1,163.2,197.3,162.6,386.5,166.6,166.4,168.6
759,odroid1,162.3,166.8,158.7,167.4,166.3,164.3,164.1
760,rpi-8a,435.4,16.6,222.7,447.4,15.2,224.3,238.2
761,rpi-8c,600.5,23.2,14.1,9.7,16.1,93.4,74.3
762,rpi-8c,9.6,1430.2,27.9,11.5,13.0,13.3,70.1
763,odroid4,171.3,177.4,186.5,177.6,174.5,173.6,171.6
764,rpi-8c,122.8,89.4,1258.6,19.5,122.1,83.0,54.9
765,rpi-4a,12.1,236.9,1030.1,384.8,13.2,18.6,13.9
766,rpi-8d,1045.2,12.2,22.1,7.8,10.1,15.2,852.9
767,odroid3,163.2,165.0,170.0,167.5,168.9,168.6,165.1
768,rpi-8b,11.6,15.3,219.6,215.1,58.4,403.1,15.4
769,rpi-8a,14.1,91.5,1011.7,421.8,217.2,420.8,18.7
770,odroid2,161.2,176.0,8.0,165.7,163.7,159.5,168.8
771,odroid3,163.8,166.9,172.6,172.3,172.3,168.4,165.1
772,rpi-4a,13.8,232.2,1564.7,13.1,12.0,18.3,13.6
773,odroid4,168.5,178.6,179.7,176.9,174.0,171.0,174.4
774,odroid1,161.9,166.4,166.1,167.6,164.8,160.7,167.4
775,rpi-8b,226.5,429.8,12.8,210.2,430.1,809.6,436.9
776,rpi-4a,14.8,19.9,926.5,416.1,17.5,15.6,17.5
777,rpi-8c,13.3,24.8,1145.8,1653.3,20.1,17.5,16.8
778,rpi-8c,13.3,1383.4,2.0,9.2,1210.2,19.9,16.8
779,odroid2,164.9,186.7,164.4,175.2,171.9,174.8,168.1
780,rpi-8c,16.5,69.7,103.2,12.6,141.2,97.4,64.9
781,odroid1,165.4,167.3,162.1,167.8,170.6,168.8,163.6
782,rpi-4a,14.0,233.2,438.9,13.4,1290.6,13.9,15.5
783,odroid2,165.9,180.2,366.1,13.1,67.1,338.7,434.7
784,rpi-4a,16.3,21.4,854.8,622.8,17.2,14.3,17.3
785,odroid3,163.3,170.4,169.2,171.6,168.2,167.9,163.9
786,rpi-4a,17.0,23.0,1164.6,619.8,10.8,16.0,12.6
787,rpi-8b,15.0,16.6,219.6,431.7,19.2,231.1,227.7
788,odroid2,162.5,177.9,158.9,166.7,165.4,169.3,166.6
789,odroid1,163.6,166.5,169.0,167.1,163.1,160.4,164.7
790,rpi-8d,19.0,57.5,1828.3,20.0,1001.0,17.6,17.8
791,odroid1,160.6,167.6,169.3,165.2,166.8,165.1,169.4
792,rpi-8b,19.2,25.5,216.7,208.5,220.2,749.2,443.8
793,odroid1,163.6,174.5,166.8,174.2,166.9,164.0,162.6
794,odroid1,161.7,167.3,167.8,167.5,168.5,164.6,166.2
795,rpi-8d,13.1,18.7,1821.7,600.2,67.9,18.9,17.8
796,rpi-8d,12.0,221.6,1539.5,3.0,8.4,14.0,449.9
797,odroid3,165.4,170.4,171.7,170.4,169.7,170.0,166.2
798,odroid2,164.2,186.0,157.9,173.6,161.8,167.0,168.1
799,rpi-4a,14.2,24.9,1086.0,14.2,16.3,16.7,14.4
800,rpi-8b,227.3,242.6,241.2,223.2,225.7,425.4,24.9
801,odroid1,163.1,178.4,157.2,16.3,82.8,327.2,166.0
802,rpi-4a,9.8,1420.5,12.0,8.3,12.8,232.0,15.1
803,odroid2,8.4,180.3,160.6,173.8,167.8,167.9,165.0
804,rpi-8a,214.1,229.1,217.9,12.5,228.3,223.7,433.0
805,rpi-8b,216.1,236.6,419.3,19.2,237.2,227.0,227.1
806,rpi-8c,14.8,597.8,20.9,8.0,19.1,68.9,845.8
807,rpi-8d,14.4,18.5,19.4,923.4,11.2,20.4,20.7
808,rpi-8b,10.8,243.8,218.6,422.9,19.7,238.0,442.9
809,rpi-8a,218.1,241.2,415.0,212.7,231.5,440.8,16.4
810,rpi-8c,16.0,21.6,19.7,30.4,71.7,70.7,57.5
811,rpi-8a,210.6,460.1,26.0,231.9,239.5,441.6,17.9
812,odroid3,164.5,180.4,175.1,172.2,175.3,171.8,167.2
813,odroid2,16.7,180.4,153.5,166.2,165.6,163.5,166.8
814,rpi-8a,435.6,53.1,1685.3,227.5,638.6,233.0,435.0
815,rpi-4a,16.4,242.4,974.0,19.2,12.0,23.0,21.5
816,rpi-8a,99.4,216.2,171.6,467.6,26.5,176.5,21.4
817,rpi-8b,7.6,238.3,225.0,219.2,433.1,19.6,437.8
818,rpi-8c,10.2,102.7,117.3,84.8,132.0,79.9,69.6
819,odroid3,164.6,173.3,165.9,173.5,168.4,163.0,167.5
820,odroid2,162.5,185.2,162.7,171.2,166.7,166.5,173.2
821,rpi-8a,215.5,230.9,239.6,480.4,459.7,21.1,246.3
822,odroid3,163.8,168.7,171.4,170.4,166.7,164.9,165.2
823,rpi-8a,14.5,19.6,123.0,232.6,214.9,421.9,18.3
824,rpi-4a,14.7,26.1,1190.0,631.6,16.1,22.7,21.1
825,rpi-8d,12.4,18.4,435.5,862.4,488.3,16.3,16.5
826,rpi-8b,223.0,247.9,232.6,16.1,232.6,227.1,230.4
827,odroid2,165.8,181.6,148.7,172.3,169.4,165.9,164.1
828,odroid4,167.0,177.6,177.0,173.4,171.5,175.6,177.1
829,rpi-8c,19.9,16.9,5.7,56.3,747.1,22.8,802.5
830,rpi-8d,1498.5,13.8,13.9,6.6,838.8,20.5,17.1
831,odroid4,169.6,169.3,186.9,177.3,176.4,173.8,176.0
832,rpi-8c,16.1,64.4,95.5,67.7,88.0,67.6,46.5
833,odroid2,169.5,182.6,206.2,170.9,172.4,12.1,166.3
834,odroid2,163.5,192.6,155.5,174.7,170.4,177.3,168.2
835,rpi-8c,139.2,77.4,179.1,20.1,133.3,342.5,54.5
836,rpi-4a,13.3,84.8,230.6,434.7,17.5,19.8,21.8
837,odroid2,162.7,180.0,151.5,170.5,171.0,168.7,161.1
838,odroid4,170.6,183.2,170.6,174.0,171.6,168.7,171.4
839,rpi-8b,8.1,229.4,233.6,413.4,16.3,245.4,240.8
840,rpi-8c,2118.8,13.5,31.6,14.6,17.4,14.6,12.6
841,odroid3,162.6,168.9,175.3,170.6,165.4,170.0,167.6
842,rpi-8a,431.5,19.0,231.6,230.6,427.5,16.3,226.7
843,rpi-8b,227.1,230.5,394.6,23.6,230.9,234.1,227.5
844,rpi-8c,11.3,16.1,1674.6,18.3,11.2,17.4,233.1
845,rpi-8d,14.9,51.6,164.4,16.3,79.2,86.8,18.2
846,odroid1,161.0,165.4,171.5,165.3,16.7,305.0,162.0
847,odroid3,163.7,166.8,173.5,165.8,171.8,167.5,165.6
848,rpi-8a,15.3,22.2,230.3,243.1,17.9,227.5,563.9
849,rpi-8d,8.3,1537.8,401.6,11.7,12.1,755.7,22.3
850,odroid4,167.5,176.6,173.9,179.6,176.3,168.2,173.1
851,rpi-4a,16.0,19.8,992.9,613.6,18.0,16.0,15.5
852,rpi-8a,437.7,19.8,221.9,220.3,405.7,232.4,413.5
853,rpi-8d,18.8,20.9,17.1,1406.7,19.7,13.7,23.4
854,odroid1,162.0,170.6,172.8,166.9,168.7,163.7,167.1
855,rpi-8c,8.4,63.9,135.8,53.4,38.8,95.2,84.8
856,rpi-8d,11.9,14.6,17.9,27.8,830.6,15.6,20.2
857,rpi-8d,22.3,20.5,21.2,1338.2,15.2,17.6,18.7
858,rpi-8c,657.5,389.8,15.1,5.4,13.0,83.5,61.6
859,rpi-8d,17.1,15.3,1473.6,6.3,6.9,16.2,20.3
860,rpi-8b,16.6,224.9,233.4,215.6,408.5,14.8,220.5
861,odroid2,166.4,176.2,152.4,170.4,166.3,169.6,168.4
862,rpi-8a,418.4,219.9,232.9,468.6,464.2,227.6,235.7
863,odroid2,161.9,190.6,161.7,170.6,6.5,168.9,325.4
864,rpi-8a,217.0,457.1,11.1,229.5,15.6,232.9,433.9
865,rpi-8d,12.3,17.8,21.5,1109.6,10.9,20.9,17.3
866,rpi-8d,9.0,15.6,8.9,436.8,20.2,21.1,20.0
867,odroid4,172.2,175.7,178.9,175.6,173.4,167.8,171.4
868,rpi-8c,1783.3,1354.5,15.3,13.4,17.2,95.3,14.4
869,odroid1,160.9,166.9,163.1,167.9,167.1,169.4,169.1
870,rpi-8d,14.8,23.1,1598.3,20.3,19.0,22.4,15.2
871,odroid3,163.6,162.5,175.5,174.2,168.2,168.9,163.4
872,rpi-8c,10.2,233.8,383.3,13.7,21.2,16.7,229.2
873,rpi-4a,13.9,453.8,223.7,19.2,17.0,17.4,24.1
874,odroid3,162.2,175.1,174.9,172.7,173.7,170.2,164.8
875,rpi-4a,20.8,19.6,971.6,629.5,14.6,14.7,16.7
876,odroid1,163.3,162.9,167.8,169.8,165.9,159.3,160.5
877,odroid3,164.5,168.1,171.2,168.9,171.9,162.5,165.5
878,rpi-8b,221.8,237.9,420.1,9.0,242.4,235.3,441.1
879,rpi-8b,221.2,239.7,374.7,19.2,231.4,441.9,16.8
880,odroid2,163.7,180.3,158.4,394.7,5.2,167.7,344.4
881,odroid3,165.4,161.7,164.9,167.6,168.3,165.3,165.3
882,odroid1,165.8,159.0,160.6,168.2,169.8,163.4,165.8
883,rpi-8b,225.8,227.4,221.2,24.2,18.3,222.9,422.6
884,rpi-8a,207.4,238.1,225.3,422.1,17.9,236.6,452.7
885,rpi-8a,214.5,242.0,228.0,393.4,397.8,222.4,229.6
886,odroid3,165.1,170.5,172.9,171.1,169.1,164.9,161.8
887,rpi-4a,89.1,1324.4,401.2,24.3,17.2,20.8,16.1
888,rpi-8a,217.2,437.5,230.0,479.8,19.5,240.6,231.3
889,odroid2,167.9,179.0,162.7,173.1,175.0,169.1,168.8
890,rpi-8d,16.8,24.4,1440.3,5.9,11.3,14.6,22.4
891,rpi-8d,19.4,1240.4,6.1,3.8,929.4,24.0,16.7
892,rpi-8d,16.6,486.5,13.8,6.9,20.9,22.7,14.6
893,odroid1,161.7,168.7,158.2,172.3,170.1,162.9,164.8
894,odroid2,156.9,183.4,158.5,173.5,168.7,176.4,168.5
895,rpi-4a,1488.9,737.6,1629.3,23.5,16.8,20.5,13.3
896,rpi-8d,14.9,18.9,14.8,769.3,388.9,11.1,19.3
897,odroid2,16.0,176.9,159.8,169.2,168.7,162.1,167.4
898,rpi-8d,93.4,221.1,1727.8,15.3,133.1,19.9,14.2
899,rpi-8a,18.7,16.5,225.7,210.5,223.2,424.4,18.4
900,odroid4,164.9,184.4,172.0,174.1,172.7,169.4,170.0
901,rpi-8c,165.8,1128.0,1413.1,11.5,20.3,19.1,13.6
902,rpi-8c,9.1,93.1,121.0,60.0,54.5,97.3,66.4
903,rpi-4a,18.5,13.8,26.5,20.9,16.0,13.3,17.6
904,rpi-4a,13.0,13.8,682.0,370.8,12.2,17.5,20.8
905,rpi-4a,15.8,24.5,1643.0,607.8,14.7,22.4,19.1
906,odroid1,161.6,172.8,171.2,166.8,165.3,163.6,164.5
907,odroid2,13.6,188.6,220.3,168.8,161.9,600.4,168.9
908,odroid3,164.7,173.1,174.1,172.7,172.1,162.4,164.9
909,rpi-8d,11.3,17.6,405.8,11.0,810.8,15.0,20.6
910,rpi-8c,95.7,1210.3,171.2,25.9,22.9,20.3,14.3
911,rpi-8b,427.6,15.0,212.9,222.3,412.3,12.8,233.0
912,odroid3,167.5,171.2,174.8,168.4,169.9,166.4,163.7
913,odroid3,160.0,181.8,171.5,169.3,172.3,170.5,172.0
914,rpi-8b,12.6,245.4,233.3,224.3,420.8,17.5,238.4
915,odroid2,161.5,190.2,157.4,8.1,7.2,317.1,346.2
916,odroid2,163.7,183.5,154.9,172.0,169.7,164.8,170.4
917,rpi-8b,223.5,235.6,399.9,22.2,228.9,237.7,434.3
918,rpi-8a,227.1,441.4,217.9,235.5,415.8,218.3,434.3
919,rpi-8c,1100.6,15.2,1438.7,20.3,13.0,58.7,18.1
920,odroid3,164.1,171.6,169.0,166.5,169.9,170.4,162.2
921,odroid2,164.2,183.3,154.6,173.5,168.2,168.6,166.7
922,rpi-4a,7.8,25.7,822.4,16.8,13.2,20.9,13.2
923,rpi-4a,11.8,26.5,842.9,11.1,11.1,16.1,18.2
924,odroid3,159.2,178.1,168.1,171.1,169.0,168.1,169.8
925,rpi-8a,13.0,226.7,239.7,222.2,221.8,420.0,428.1
926,rpi-8d,15.0,20.1,1028.5,588.6,13.3,16.4,16.7
927,odroid1,167.7,168.1,167.3,167.4,169.1,167.1,167.1
928,rpi-8d,12.1,10.6,1682.2,1.1,9.6,12.1,17.8
929,rpi-8c,13.2,27.7,83.5,49.5,47.8,112.8,90.3
930,odroid1,161.0,165.9,160.8,359.4,162.0,165.6,165.8
931,rpi-4a,13.8,23.0,919.7,403.0,17.1,16.5,18.8
932,rpi-8b,16.2,235.4,230.8,467.4,22.2,465.6,234.0
933,rpi-8a,14.2,241.2,233.5,483.7,22.4,236.8,225.8
934,odroid3,170.3,173.3,164.4,17.6,411.2,173.5,165.9
935,odroid2,163.9,179.0,161.9,170.9,173.4,168.9,169.0
936,rpi-8d,15.7,17.3,90.2,7.3,879.0,14.2,17.4
937,rpi-8c,122.1,106.9,140.6,23.4,86.3,85.4,22.7
938,odroid1,162.2,170.3,173.0,173.8,170.4,169.6,168.6
939,rpi-8a,212.8,226.4,386.7,11.7,231.1,433.7,443.3
940,rpi-8c,13.5,23.2,89.2,1715.6,171.2,21.8,18.4
941,odroid3,166.0,178.0,181.5,172.0,174.6,170.0,167.8
942,odroid1,161.4,167.9,173.3,169.6,167.7,163.5,168.4
943,odroid3,166.8,166.5,184.2,451.9,174.5,175.0,168.5
944,rpi-8b,437.0,20.8,239.6,219.6,239.7,229.7,647.2
945,odroid4,168.5,417.2,174.0,169.1,172.1,172.6,170.1
946,rpi-4a,18.4,1587.9,1000.4,10.2,8.7,11.6,17.6
947,rpi-8b,10.0,232.2,227.5,232.9,228.4,422.0,22.0
948,rpi-8a,14.1,227.7,229.2,440.8,153.1,228.5,445.5
949,rpi-8c,460.0,1311.4,18.2,11.7,14.0,82.9,71.3
950,rpi-4a,10.9,869.8,7.1,22.4,16.0,175.4,22.9
951,odroid3,165.5,167.8,180.0,173.4,174.7,168.6,168.6
952,rpi-8b,219.2,223.8,214.6,233.5,442.1,15.1,234.4
953,rpi-8c,16.8,17.1,1489.9,16.3,102.8,23.0,17.4
954,rpi-8c,10.0,61.4,136.6,20.7,16.7,100.3,93.7
955,odroid4,170.6,166.0,176.1,170.9,169.5,172.2,172.1
956,rpi-8c,8.7,1457.4,24.1,14.9,20.6,17.9,16.8
957,rpi-8a,16.1,20.7,221.8,213.7,419.4,700.9,233.7
958,rpi-8c,80.1,175.6,177.6,20.8,172.0,97.3,60.4
959,rpi-8a,218.7,427.8,25.0,210.9,214.3,228.5,436.9
960,rpi-8a,13.8,230.2,232.8,433.5,21.1,225.8,230.4
961,odroid3,161.7,170.1,169.2,167.5,165.2,164.9,168.9
962,rpi-4a,20.5,1356.6,18.1,17.1,16.1,19.0,18.7
963,rpi-8d,17.6,430.7,8.2,5.5,15.5,65.7,99.9
964,rpi-8a,7.8,18.4,9.4,208.7,220.5,235.9,426.7
965,rpi-4a,10.3,23.1,405.5,14.9,16.2,18.6,18.9
966,rpi-4a,12.5,20.1,1033.9,416.1,13.8,15.7,18.2
967,odroid1,161.2,172.6,176.3,168.7,169.8,162.6,166.9
968,odroid1,162.1,168.8,159.7,166.2,168.5,167.3,170.4
969,odroid2,170.1,183.9,164.6,171.3,173.0,167.9,165.7
970,rpi-4a,15.0,20.6,1027.0,611.6,19.8,19.2,21.2
971,odroid4,167.6,179.0,182.3,173.7,173.7,175.0,174.2
972,odroid4,164.9,175.1,171.1,175.9,175.6,170.4,174.4
973,odroid4,170.1,181.4,170.4,175.4,170.7,168.0,171.3
974,odroid3,161.4,167.1,169.3,166.2,166.7,169.0,168.5
975,rpi-8b,454.7,25.0,222.5,226.2,401.0,16.5,429.6
976,rpi-8c,859.0,15.2,14.1,8.8,619.0,21.7,839.9
977,rpi-8d,14.8,15.2,1622.6,18.0,17.2,20.1,16.5
978,rpi-8d,14.9,18.4,12.1,847.4,13.0,12.8,18.4
979,odroid2,163.0,182.6,160.4,168.1,9.7,168.4,331.4
980,odroid2,166.0,172.9,158.1,170.9,173.1,164.4,14.3
981,rpi-8b,433.6,222.7,224.4,240.4,445.2,13.2,18.0
982,rpi-8a,14.4,230.6,215.8,12.7,221.8,682.2,19.6
983,rpi-8c,14.8,18.8,20.1,51.5,61.3,81.3,62.9
984,odroid2,173.2,19.4,160.7,168.4,172.8,168.9,166.8
985,rpi-4a,657.0,1011.3,18.6,14.8,19.7,17.5,15.5
986,rpi-8c,19.3,10.7,1600.6,9.4,12.7,69.0,29.6
987,odroid2,163.9,177.8,163.0,173.2,170.9,173.8,173.1
988,rpi-8d,17.1,80.5,169.2,23.6,17.1,22.2,21.3
989,rpi-8d,8.0,224.9,371.5,5.1,939.1,15.2,16.5
990,odroid4,171.2,177.0,174.7,176.7,175.9,167.4,169.7
991,rpi-8a,14.9,238.6,230.5,422.5,19.1,229.2,224.0
992,odroid4,170.5,175.9,183.7,170.5,171.5,172.4,175.1
993,rpi-8d,16.3,234.3,1915.7,10.4,18.6,20.3,20.0
994,odroid4,171.1,179.5,175.7,170.9,175.0,169.5,167.6
995,odroid2,12.2,177.0,214.6,166.0,164.2,12.3,218.2
996,odroid2,162.8,181.4,157.8,175.7,167.9,169.1,165.3
997,rpi-8b,230.3,452.1,22.2,215.0,223.2,232.6,429.2
998,rpi-4a,11.3,341.0,360.9,204.7,456.7,14.0,444.0
999,rpi-4a,14.1,1447.3,541.0,3.3,10.3,16.7,867.4
