,label,attempt_0,attempt_1,attempt_2,attempt_3
0,genuine,match,match,match,match
1,genuine,match,match,match,match
2,genuine,match,match,match,match
3,genuine,match,match,match,match
4,genuine,match,match,match,match
5,genuine,match,match,match,match
6,genuine,match,match,match,match
7,genuine,match,match,match,match
8,genuine,match,match,match,match
9,genuine,match,match,match,match
10,genuine,match,match,match,match
11,genuine,match,match,match,match
12,genuine,match,match,match,match
13,genuine,match,match,match,match
14,genuine,match,match,match,match
15,genuine,match,match,match,match
16,genuine,match,match,match,match
17,genuine,match,match,match,match
18,genuine,match,match,match,match
19,genuine,match,match,match,match
20,genuine,match,match,match,match
21,genuine,match,match,match,match
22,genuine,match,match,match,match
23,genuine,match,match,match,match
24,genuine,match,match,match,match
25,genuine,match,match,match,match
26,genuine,match,match,match,match
27,genuine,match,match,match,match
28,genuine,match,match,match,match
29,genuine,match,match,match,match
30,genuine,match,match,match,match
31,genuine,match,match,match,match
32,genuine,match,match,match,match
33,genuine,match,match,match,match
34,genuine,match,match,match,match
35,genuine,match,match,match,match
36,genuine,match,match,match,match
37,genuine,match,match,match,match
38,genuine,match,match,match,match
39,genuine,match,match,match,match
40,genuine,match,match,match,match
41,genuine,match,match,match,match
42,genuine,match,match,match,match
43,genuine,match,match,match,match
44,genuine,match,match,match,match
45,genuine,match,match,match,match
46,genuine,match,match,match,match
47,genuine,match,match,match,match
48,genuine,match,match,match,match
49,genuine,match,match,match,match
50,genuine,match,match,match,match
51,genuine,match,match,match,match
52,genuine,match,match,match,match
53,genuine,match,match,match,match
54,genuine,match,match,match,match
55,genuine,match,match,match,match
56,genuine,match,match,match,match
57,genuine,match,match,match,match
58,genuine,match,match,match,match
59,genuine,match,match,match,match
60,genuine,match,match,match,match
61,genuine,match,match,match,match
62,genuine,match,match,match,match
63,genuine,match,match,match,match
64,genuine,match,match,match,match
65,genuine,match,match,match,match
66,genuine,match,match,match,match
67,genuine,match,match,match,match
68,genuine,match,match,match,match
69,genuine,match,match,match,match
70,genuine,match,match,match,match
71,genuine,match,match,match,match
72,genuine,match,match,match,match
73,genuine,match,match,match,match
74,genuine,match,match,match,match
75,genuine,match,match,match,match
76,genuine,match,match,match,match
77,genuine,match,match,match,match
78,genuine,match,match,match,match
79,genuine,match,match,match,match
80,genuine,match,match,match,match
81,genuine,match,match,match,match
82,genuine,match,match,match,match
83,genuine,match,match,match,match
84,genuine,match,match,match,match
85,genuine,match,match,match,match
86,genuine,match,match,match,impersonator
87,genuine,match,match,match,match
88,genuine,match,match,match,match
89,genuine,match,match,match,match
90,genuine,match,match,match,match
91,genuine,match,match,match,match
92,genuine,match,match,match,match
93,genuine,match,match,match,match
94,genuine,match,match,match,match
95,genuine,match,match,match,match
96,genuine,match,match,match,match
97,genuine,match,match,match,match
98,genuine,match,match,match,match
99,genuine,match,match,match,match
100,genuine,match,match,match,match
101,genuine,match,match,match,match
102,genuine,match,match,match,match
103,genuine,match,match,match,match
104,genuine,match,match,match,match
105,genuine,match,match,match,match
106,genuine,match,match,match,match
107,genuine,match,match,match,match
108,genuine,match,match,match,match
109,genuine,match,match,match,match
110,genuine,match,match,match,match
111,genuine,match,match,match,match
112,genuine,match,match,match,match
113,genuine,match,match,match,match
114,genuine,match,match,match,match
115,genuine,match,match,match,match
116,genuine,match,match,match,match
117,genuine,match,match,match,match
118,genuine,match,match,match,match
119,genuine,match,match,match,match
120,genuine,match,match,match,match
121,genuine,match,match,match,match
122,genuine,match,match,match,match
123,genuine,match,match,match,match
124,genuine,match,match,match,match
125,genuine,match,match,match,match
126,genuine,match,match,match,match
127,genuine,match,match,match,match
128,genuine,match,match,match,match
129,genuine,match,match,match,match
130,genuine,match,match,match,match
131,genuine,match,impersonator,match,match
132,genuine,match,match,match,match
133,genuine,match,match,impersonator,match
134,genuine,match,match,match,match
135,genuine,match,match,match,match
136,genuine,match,match,match,match
137,genuine,match,match,match,match
138,genuine,match,match,match,match
139,genuine,match,match,match,match
140,genuine,match,match,match,match
141,genuine,match,match,match,match
142,genuine,match,match,match,match
143,genuine,match,match,match,match
144,genuine,match,match,match,match
145,genuine,impersonator,match,match,match
146,genuine,match,match,match,match
147,genuine,match,match,match,match
148,genuine,match,match,match,match
149,genuine,match,match,match,match
150,genuine,match,match,match,match
151,genuine,match,match,impersonator,match
152,genuine,match,match,match,match
153,genuine,match,match,match,match
154,genuine,match,match,match,match
155,genuine,match,match,match,match
156,genuine,match,match,match,match
157,genuine,match,match,match,match
158,genuine,match,match,match,match
159,genuine,match,match,match,match
160,genuine,match,match,match,match
161,genuine,match,match,match,match
162,genuine,match,match,match,match
163,genuine,match,match,match,match
164,genuine,match,mismatch,match,match
165,genuine,match,match,match,match
166,genuine,match,match,match,match
167,genuine,match,match,match,match
168,genuine,match,match,match,match
169,genuine,match,match,match,match
170,genuine,match,match,match,match
171,genuine,match,match,match,match
172,genuine,match,match,match,match
173,genuine,impersonator,match,match,match
174,genuine,match,match,match,match
175,genuine,match,match,match,match
176,genuine,match,mismatch,mismatch,match
177,genuine,match,match,match,match
178,genuine,impersonator,match,match,impersonator
179,genuine,match,match,match,match
180,genuine,match,match,match,match
181,genuine,match,match,match,match
182,genuine,match,match,match,match
183,genuine,match,match,match,match
184,genuine,match,match,match,match
185,genuine,match,match,match,match
186,genuine,match,match,match,match
187,genuine,match,match,match,match
188,genuine,match,match,match,match
189,genuine,match,match,match,match
190,genuine,match,match,match,match
191,genuine,match,match,match,match
192,genuine,match,match,match,match
193,genuine,match,match,match,match
194,genuine,match,match,match,match
195,genuine,match,match,match,match
196,genuine,match,match,match,match
197,genuine,impersonator,match,match,match
198,genuine,match,match,match,match
199,genuine,match,match,match,match
200,genuine,match,match,match,match
201,genuine,match,match,match,match
202,genuine,match,match,match,match
203,genuine,match,match,match,match
204,genuine,match,match,match,match
205,genuine,match,match,match,match
206,genuine,match,match,match,match
207,genuine,match,match,match,match
208,genuine,match,match,match,match
209,genuine,match,match,match,match
210,genuine,match,match,match,match
211,genuine,match,match,match,match
212,genuine,impersonator,match,match,match
213,genuine,match,impersonator,match,match
214,genuine,match,match,match,match
215,genuine,match,match,match,match
216,genuine,match,match,match,match
217,genuine,match,match,impersonator,match
218,genuine,match,match,match,match
219,genuine,match,match,match,match
220,genuine,match,match,match,match
221,genuine,match,match,match,match
222,genuine,match,match,match,match
223,genuine,match,match,match,match
224,genuine,match,match,match,impersonator
225,genuine,match,match,match,match
226,genuine,match,match,match,match
227,genuine,match,match,match,match
228,genuine,match,match,match,match
229,genuine,match,match,match,match
230,genuine,match,match,match,match
231,genuine,match,match,impersonator,match
232,genuine,match,impersonator,match,match
233,genuine,match,match,match,match
234,genuine,match,match,match,match
235,genuine,match,match,match,match
236,genuine,match,match,match,match
237,genuine,match,match,match,match
238,genuine,match,impersonator,match,match
239,genuine,match,match,match,match
240,genuine,match,match,match,match
241,genuine,match,match,match,match
242,genuine,match,match,match,impersonator
243,genuine,match,match,match,match
244,genuine,match,match,match,match
245,genuine,match,match,match,match
246,genuine,match,match,match,match
247,genuine,match,match,match,match
248,genuine,match,match,match,match
249,genuine,match,match,match,match
250,genuine,match,match,match,match
251,genuine,match,match,match,match
252,genuine,match,match,match,match
253,genuine,match,match,match,match
254,genuine,match,match,match,match
255,genuine,match,match,match,match
256,genuine,match,match,match,match
257,genuine,match,match,match,match
258,genuine,match,match,match,match
259,genuine,match,match,match,match
260,genuine,match,match,match,match
261,genuine,match,match,match,match
262,genuine,match,match,match,match
263,genuine,match,match,match,match
264,genuine,match,match,match,match
265,genuine,match,match,match,match
266,genuine,match,match,match,match
267,genuine,match,match,match,match
268,genuine,match,match,match,match
269,genuine,match,match,match,match
270,genuine,match,match,match,match
271,genuine,match,match,match,match
272,genuine,match,match,match,match
273,genuine,match,match,match,match
274,genuine,match,match,match,match
275,genuine,match,match,match,match
276,genuine,match,match,match,match
277,genuine,match,match,match,match
278,genuine,match,match,match,match
279,genuine,match,match,match,match
280,genuine,match,match,match,match
281,genuine,match,match,match,match
282,genuine,match,match,match,match
283,genuine,match,match,match,match
284,genuine,match,match,match,match
285,genuine,match,match,match,match
286,genuine,match,match,match,match
287,genuine,match,match,match,match
288,genuine,match,match,match,match
289,genuine,match,match,match,match
290,genuine,match,match,match,match
291,genuine,match,match,match,match
292,genuine,match,match,match,match
293,genuine,match,match,match,match
294,genuine,match,match,match,match
295,genuine,match,match,match,match
296,genuine,match,match,match,match
297,genuine,match,match,match,match
298,genuine,match,match,match,match
299,genuine,match,match,match,match
300,genuine,match,match,match,match
301,genuine,match,match,match,match
302,genuine,match,match,match,match
303,genuine,match,match,match,match
304,genuine,match,match,match,match
305,genuine,match,match,match,match
306,genuine,match,match,match,match
307,genuine,match,match,match,match
308,genuine,match,match,match,match
309,genuine,match,match,match,match
310,genuine,match,match,match,match
311,genuine,match,match,match,match
312,genuine,match,match,match,match
313,genuine,match,match,match,match
314,genuine,match,match,match,match
315,genuine,match,match,match,match
316,genuine,match,match,match,match
317,genuine,match,match,match,match
318,genuine,match,match,match,match
319,genuine,match,match,match,match
320,genuine,match,match,match,match
321,genuine,match,match,match,match
322,genuine,match,match,match,match
323,genuine,match,match,match,match
324,genuine,match,match,match,match
325,genuine,match,match,match,match
326,genuine,match,match,match,match
327,genuine,match,match,match,match
328,genuine,match,match,match,match
329,genuine,match,match,match,match
330,genuine,match,match,match,match
331,genuine,match,match,match,match
332,genuine,match,match,match,match
333,genuine,match,match,match,match
334,genuine,match,match,match,match
335,genuine,match,match,match,match
336,genuine,match,match,match,match
337,genuine,match,match,match,match
338,genuine,match,match,match,match
339,genuine,match,match,match,match
340,genuine,match,match,match,match
341,genuine,match,match,match,match
342,genuine,match,match,match,match
343,genuine,match,match,match,match
344,genuine,match,match,match,match
345,genuine,match,match,match,match
346,genuine,match,match,mismatch,match
347,genuine,match,match,match,match
348,genuine,match,match,match,match
349,genuine,match,match,match,match
350,genuine,match,match,match,match
351,genuine,match,match,match,match
352,genuine,match,match,match,match
353,genuine,match,match,match,match
354,genuine,match,match,match,match
355,genuine,match,match,match,match
356,genuine,match,match,match,match
357,genuine,match,match,match,match
358,genuine,match,match,match,match
359,genuine,mismatch,match,match,match
360,genuine,match,match,match,match
361,genuine,match,match,match,match
362,genuine,match,match,match,match
363,genuine,match,match,match,match
364,genuine,match,match,match,match
365,genuine,match,match,match,match
366,genuine,match,match,match,match
367,genuine,match,match,match,match
368,genuine,match,match,match,match
369,genuine,match,match,match,match
370,genuine,match,match,match,match
371,genuine,match,match,match,match
372,genuine,match,match,match,match
373,genuine,match,match,match,match
374,genuine,match,match,match,match
375,genuine,match,impersonator,match,match
376,genuine,match,match,match,match
377,genuine,match,match,match,match
378,genuine,match,match,match,match
379,genuine,match,match,match,match
380,genuine,match,match,match,match
381,genuine,match,match,impersonator,match
382,genuine,match,match,match,match
383,genuine,match,match,match,match
384,genuine,match,match,match,match
385,genuine,match,match,match,match
386,genuine,match,match,match,match
387,genuine,match,match,match,match
388,genuine,match,match,match,match
389,genuine,match,match,match,match
390,genuine,match,match,match,match
391,genuine,match,match,match,match
392,genuine,match,match,match,match
393,genuine,match,match,impersonator,match
394,genuine,match,match,match,match
395,genuine,match,match,match,match
396,genuine,match,match,match,match
397,genuine,match,match,match,match
398,genuine,match,match,match,match
399,genuine,match,match,match,match
400,genuine,match,match,match,match
401,genuine,match,match,match,match
402,genuine,match,match,match,match
403,genuine,match,match,match,match
404,genuine,match,match,match,match
405,genuine,match,match,match,match
406,genuine,match,match,match,match
407,genuine,match,match,match,match
408,genuine,match,match,match,match
409,genuine,match,match,match,match
410,genuine,impersonator,match,match,match
411,genuine,match,match,match,match
412,genuine,match,match,match,match
413,genuine,match,match,match,match
414,genuine,match,match,match,match
415,genuine,match,match,match,match
416,genuine,match,match,match,match
417,genuine,match,match,match,match
418,genuine,match,impersonator,match,match
419,genuine,match,match,match,match
420,genuine,match,match,match,match
421,genuine,match,match,match,match
422,genuine,match,match,match,match
423,genuine,match,match,match,match
424,genuine,match,match,match,match
425,genuine,match,match,match,match
426,genuine,match,match,match,match
427,genuine,match,match,match,match
428,genuine,match,match,match,match
429,genuine,match,match,match,match
430,genuine,match,match,match,match
431,genuine,match,match,match,match
432,genuine,match,match,match,match
433,genuine,match,match,match,match
434,genuine,match,match,match,match
435,genuine,match,match,match,match
436,genuine,match,match,match,match
437,genuine,match,match,match,match
438,genuine,match,match,match,match
439,genuine,match,match,match,match
440,genuine,match,match,match,match
441,genuine,match,match,match,match
442,genuine,match,match,match,match
443,genuine,match,match,match,match
444,genuine,match,match,match,match
445,genuine,match,match,match,match
446,genuine,match,match,match,match
447,genuine,match,match,match,match
448,genuine,match,impersonator,match,match
449,genuine,match,match,match,match
450,genuine,impersonator,match,match,match
451,genuine,match,match,match,match
452,genuine,match,match,match,match
453,genuine,match,match,match,match
454,genuine,match,match,match,match
455,genuine,match,match,match,match
456,genuine,match,match,match,match
457,genuine,match,match,match,match
458,genuine,match,match,match,match
459,genuine,match,match,match,match
460,genuine,match,match,match,match
461,genuine,match,match,match,match
462,genuine,match,match,match,match
463,genuine,match,match,match,match
464,genuine,match,match,match,match
465,genuine,match,match,match,match
466,genuine,match,match,match,match
467,genuine,match,match,match,match
468,genuine,match,match,match,match
469,genuine,match,match,match,match
470,genuine,match,match,match,match
471,genuine,match,match,match,match
472,genuine,match,match,match,match
473,genuine,match,match,match,match
474,genuine,match,match,match,match
475,genuine,match,match,match,match
476,genuine,match,match,match,match
477,genuine,match,match,match,match
478,genuine,match,match,match,match
479,genuine,match,match,match,match
480,genuine,match,match,match,match
481,genuine,match,match,match,match
482,genuine,match,match,match,match
483,genuine,match,match,match,match
484,genuine,match,match,match,match
485,genuine,match,match,match,match
486,genuine,match,match,match,match
487,genuine,match,match,match,match
488,genuine,match,match,match,match
489,genuine,match,match,match,match
490,genuine,match,match,match,match
491,genuine,match,match,match,match
492,genuine,match,match,match,match
493,genuine,match,match,match,match
494,genuine,match,match,match,match
495,genuine,match,match,match,match
496,genuine,match,match,match,match
497,genuine,impersonator,match,match,match
498,genuine,match,match,match,match
499,genuine,match,match,match,match
500,genuine,match,match,match,match
501,genuine,match,match,match,impersonator
502,genuine,match,match,match,match
503,genuine,match,match,match,match
504,genuine,match,match,match,match
505,genuine,match,impersonator,match,impersonator
506,genuine,match,match,match,match
507,genuine,match,match,match,match
508,genuine,match,match,match,match
509,genuine,match,match,impersonator,impersonator
510,genuine,match,match,match,match
511,genuine,match,match,match,match
512,genuine,match,match,match,match
513,genuine,match,match,match,match
514,genuine,impersonator,impersonator,impersonator,match
515,genuine,match,match,impersonator,match
516,genuine,match,match,match,match
517,genuine,mismatch,match,match,match
518,genuine,match,match,match,match
519,genuine,match,match,impersonator,match
520,genuine,match,match,match,match
521,genuine,match,match,match,match
522,genuine,match,match,match,match
523,genuine,match,match,match,match
524,genuine,match,match,match,match
525,genuine,match,match,impersonator,match
526,genuine,match,match,match,match
527,genuine,match,match,match,match
528,genuine,match,match,impersonator,impersonator
529,genuine,match,match,match,match
530,genuine,match,match,match,match
531,genuine,match,match,match,match
532,genuine,match,match,match,match
533,genuine,match,match,mismatch,match
534,genuine,match,match,match,match
535,genuine,match,impersonator,match,match
536,genuine,match,match,match,match
537,genuine,match,match,match,match
538,genuine,mismatch,match,impersonator,match
539,genuine,match,match,match,match
540,genuine,match,match,match,match
541,genuine,match,match,match,match
542,genuine,match,match,match,match
543,genuine,match,match,match,match
544,genuine,impersonator,match,match,match
545,genuine,match,match,match,impersonator
546,genuine,match,match,match,match
547,genuine,match,match,match,match
548,genuine,impersonator,match,match,match
549,genuine,match,match,match,match
550,genuine,impersonator,match,match,match
551,genuine,match,match,match,impersonator
552,genuine,match,match,match,match
553,genuine,match,match,match,match
554,genuine,impersonator,match,match,match
555,genuine,match,match,match,match
556,genuine,impersonator,match,impersonator,match
557,genuine,mismatch,match,match,match
558,genuine,match,match,match,match
559,genuine,impersonator,match,mismatch,match
560,genuine,match,match,match,match
561,genuine,match,impersonator,match,match
562,genuine,match,match,match,match
563,genuine,match,match,match,match
564,genuine,match,match,match,match
565,genuine,match,match,match,match
566,genuine,match,match,match,match
567,genuine,match,match,match,match
568,genuine,match,match,match,match
569,genuine,impersonator,match,mismatch,match
570,genuine,mismatch,match,match,match
571,genuine,match,match,match,match
572,genuine,impersonator,match,match,match
573,genuine,match,match,match,match
574,genuine,match,match,match,match
575,genuine,match,match,match,match
576,genuine,match,match,match,match
577,genuine,match,match,match,impersonator
578,genuine,mismatch,match,match,match
579,genuine,match,match,match,match
580,genuine,match,match,match,match
581,genuine,match,match,impersonator,match
582,genuine,match,impersonator,match,match
583,genuine,match,match,match,match
584,genuine,match,match,impersonator,match
585,genuine,match,impersonator,match,impersonator
586,genuine,match,impersonator,impersonator,match
587,genuine,match,match,match,match
588,genuine,match,impersonator,match,impersonator
589,genuine,match,match,match,match
590,genuine,match,match,match,match
591,genuine,match,match,match,match
592,genuine,match,match,match,impersonator
593,genuine,match,match,match,match
594,genuine,match,match,match,match
595,genuine,match,match,match,match
596,genuine,match,impersonator,match,impersonator
597,genuine,match,mismatch,match,match
598,genuine,match,match,match,match
599,genuine,match,match,match,match
600,genuine,match,match,match,impersonator
601,genuine,match,match,match,impersonator
602,genuine,match,match,match,impersonator
603,genuine,match,match,match,match
604,genuine,match,match,impersonator,match
605,genuine,match,match,match,match
606,genuine,match,match,match,match
607,genuine,match,match,match,impersonator
608,genuine,match,match,match,match
609,genuine,match,match,mismatch,mismatch
610,genuine,match,match,match,match
611,genuine,match,match,match,match
612,genuine,match,match,match,match
613,genuine,match,impersonator,match,match
614,genuine,match,match,match,match
615,genuine,match,match,match,match
616,genuine,match,match,match,match
617,genuine,match,match,match,match
618,genuine,impersonator,match,match,match
619,genuine,match,match,match,match
620,genuine,match,match,match,match
621,genuine,match,impersonator,match,impersonator
622,genuine,match,match,impersonator,match
623,genuine,match,match,match,match
624,genuine,match,match,match,match
625,genuine,match,match,match,match
626,genuine,match,match,match,match
627,genuine,match,match,match,match
628,genuine,match,match,match,match
629,genuine,match,match,match,match
630,genuine,match,match,match,match
631,genuine,match,match,match,match
632,genuine,match,match,match,match
633,genuine,match,match,match,match
634,genuine,match,match,match,match
635,genuine,match,match,match,match
636,genuine,match,match,match,match
637,genuine,match,match,match,match
638,genuine,match,match,match,match
639,genuine,match,match,match,match
640,genuine,match,match,match,match
641,genuine,match,match,match,match
642,genuine,match,match,match,match
643,genuine,match,match,match,match
644,genuine,match,match,match,match
645,genuine,match,match,match,match
646,genuine,match,match,match,match
647,genuine,match,match,match,match
648,genuine,match,match,match,match
649,genuine,mismatch,match,match,match
650,genuine,match,match,impersonator,match
651,genuine,match,match,match,match
652,genuine,match,match,match,match
653,genuine,match,match,match,match
654,genuine,mismatch,match,match,match
655,genuine,match,match,match,match
656,genuine,match,match,match,match
657,genuine,match,match,match,match
658,genuine,match,match,match,match
659,genuine,match,match,match,match
660,genuine,impersonator,match,match,match
661,genuine,match,match,match,match
662,genuine,match,match,match,match
663,genuine,match,match,match,match
664,genuine,match,match,match,match
665,genuine,match,match,match,match
666,genuine,match,match,match,match
667,genuine,match,match,match,match
668,genuine,match,match,match,match
669,genuine,match,match,match,match
670,genuine,match,match,match,match
671,genuine,match,match,match,match
672,genuine,match,match,match,match
673,genuine,match,match,match,match
674,genuine,match,match,match,match
675,genuine,match,match,match,match
676,genuine,match,match,match,match
677,genuine,match,match,match,match
678,genuine,match,match,match,match
679,genuine,match,match,match,match
680,genuine,match,match,match,match
681,genuine,match,match,match,match
682,genuine,match,match,match,match
683,genuine,match,match,match,match
684,genuine,match,match,match,match
685,genuine,match,match,match,match
686,genuine,match,match,match,match
687,genuine,match,match,match,match
688,genuine,match,match,match,match
689,genuine,match,match,match,match
690,genuine,match,match,match,match
691,genuine,match,match,match,match
692,genuine,match,match,match,match
693,genuine,match,match,match,match
694,genuine,match,match,match,match
695,genuine,mismatch,match,match,match
696,genuine,match,match,match,match
697,genuine,match,match,match,match
698,genuine,match,match,match,match
699,genuine,match,match,match,match
700,genuine,match,match,match,match
701,genuine,match,match,match,match
702,genuine,match,match,match,match
703,genuine,match,match,match,match
704,genuine,match,match,match,match
705,genuine,match,match,match,match
706,genuine,match,match,match,match
707,genuine,match,match,match,match
708,genuine,match,match,match,match
709,genuine,match,match,match,match
710,genuine,match,match,match,match
711,genuine,match,match,match,match
712,genuine,match,match,match,match
713,genuine,match,match,match,match
714,genuine,match,match,match,match
715,genuine,match,match,match,match
716,genuine,match,match,match,match
717,genuine,match,mismatch,match,match
718,genuine,match,match,match,match
719,genuine,match,match,match,match
720,genuine,match,match,match,match
721,genuine,match,match,match,match
722,genuine,match,match,match,match
723,genuine,match,match,match,match
724,genuine,match,match,impersonator,match
725,genuine,match,match,match,match
726,genuine,match,match,match,match
727,genuine,match,match,match,match
728,genuine,match,match,match,match
729,genuine,match,match,match,match
730,genuine,match,match,match,match
731,genuine,match,match,match,match
732,genuine,match,match,match,match
733,genuine,match,match,match,match
734,genuine,match,match,match,match
735,genuine,match,match,match,match
736,genuine,match,match,match,match
737,genuine,match,match,match,match
738,genuine,match,match,match,match
739,genuine,match,match,match,match
740,genuine,match,match,match,match
741,genuine,match,match,match,match
742,genuine,match,match,match,match
743,genuine,match,match,match,match
744,genuine,impersonator,match,match,match
745,genuine,match,match,match,match
746,genuine,match,match,match,match
747,genuine,match,match,match,match
748,genuine,match,match,match,match
749,genuine,match,match,match,match
750,genuine,match,match,match,match
751,genuine,match,match,match,match
752,genuine,match,match,match,match
753,genuine,match,match,match,match
754,genuine,match,match,match,match
755,genuine,match,match,match,match
756,genuine,match,match,match,match
757,genuine,impersonator,match,match,match
758,genuine,match,match,match,match
759,genuine,match,match,match,match
760,genuine,match,match,match,match
761,genuine,match,match,match,match
762,genuine,match,match,match,match
763,genuine,match,match,match,match
764,genuine,match,match,match,match
765,genuine,match,match,match,match
766,genuine,match,match,match,match
767,genuine,match,match,match,match
768,genuine,match,match,match,match
769,genuine,match,match,impersonator,match
770,genuine,match,match,mismatch,match
771,genuine,match,match,match,match
772,genuine,match,match,match,match
773,genuine,match,match,match,match
774,genuine,match,match,match,match
775,genuine,match,match,match,match
776,genuine,match,match,match,match
777,genuine,match,match,match,match
778,genuine,match,match,match,match
779,genuine,match,match,match,match
780,genuine,match,match,match,match
781,genuine,match,match,match,match
782,genuine,match,match,match,match
783,genuine,match,match,match,match
784,genuine,match,match,match,match
785,genuine,match,match,match,match
786,genuine,match,match,match,match
787,genuine,match,match,match,match
788,genuine,match,match,match,match
789,genuine,match,match,match,match
790,genuine,match,match,match,match
791,genuine,match,match,match,match
792,genuine,match,match,match,match
793,genuine,match,match,match,match
794,genuine,match,match,match,impersonator
795,genuine,match,match,match,match
796,genuine,match,match,match,match
797,genuine,match,match,match,match
798,genuine,match,match,match,match
799,genuine,match,match,mismatch,match
800,genuine,match,match,match,match
801,genuine,match,match,match,match
802,genuine,match,match,match,match
803,genuine,match,match,match,match
804,genuine,match,match,match,match
805,genuine,match,match,match,match
806,genuine,match,match,match,match
807,genuine,match,match,match,match
808,genuine,match,match,match,match
809,genuine,impersonator,match,match,match
810,genuine,match,match,match,match
811,genuine,match,match,match,match
812,genuine,match,match,match,match
813,genuine,match,match,match,match
814,genuine,match,match,match,match
815,genuine,match,match,match,match
816,genuine,match,match,match,match
817,genuine,match,match,match,match
818,genuine,match,match,match,match
819,genuine,match,match,match,match
820,genuine,match,match,match,match
821,genuine,match,match,match,match
822,genuine,match,match,match,match
823,genuine,match,match,match,match
824,genuine,match,match,match,match
825,genuine,match,match,match,match
826,genuine,mismatch,match,match,match
827,genuine,match,match,match,match
828,genuine,match,match,match,match
829,genuine,match,match,match,match
830,genuine,match,match,match,match
831,genuine,match,match,match,match
832,genuine,match,match,match,match
833,genuine,match,match,match,match
834,genuine,match,match,match,match
835,genuine,match,match,match,match
836,genuine,match,match,match,match
837,genuine,match,match,match,match
838,genuine,match,match,match,match
839,genuine,match,match,match,match
840,genuine,match,match,match,match
841,genuine,match,match,match,match
842,genuine,match,match,match,match
843,genuine,match,impersonator,match,match
844,genuine,match,match,match,match
845,genuine,match,match,match,match
846,genuine,match,match,match,match
847,genuine,match,match,match,match
848,genuine,match,match,match,match
849,genuine,match,match,match,match
850,genuine,match,match,match,match
851,genuine,match,match,match,match
852,genuine,match,match,match,match
853,genuine,match,match,match,match
854,genuine,match,match,match,match
855,genuine,match,match,match,match
856,genuine,match,match,match,match
857,genuine,match,match,match,match
858,genuine,match,match,match,match
859,genuine,match,match,match,match
860,genuine,match,match,match,match
861,genuine,match,match,match,match
862,genuine,match,match,match,match
863,genuine,match,match,match,match
864,genuine,match,match,match,match
865,genuine,match,match,match,match
866,genuine,match,match,match,match
867,genuine,match,match,match,match
868,genuine,match,match,match,match
869,genuine,match,match,match,match
870,genuine,match,match,match,match
871,genuine,match,match,match,match
872,genuine,match,match,match,match
873,genuine,match,match,match,match
874,genuine,match,match,match,match
875,genuine,match,match,match,match
876,genuine,match,match,match,match
877,genuine,match,match,match,match
878,genuine,match,match,match,match
879,genuine,match,match,match,match
880,genuine,match,mismatch,match,match
881,genuine,match,match,impersonator,match
882,genuine,match,match,match,match
883,genuine,match,match,match,match
884,genuine,match,match,match,match
885,genuine,match,match,match,match
886,genuine,match,match,match,match
887,genuine,match,match,match,match
888,genuine,match,match,match,match
889,genuine,match,match,match,match
890,genuine,match,match,match,match
891,genuine,match,match,match,impersonator
892,genuine,match,match,match,match
893,genuine,match,match,match,match
894,genuine,match,match,match,match
895,genuine,match,match,match,match
896,genuine,match,match,match,match
897,genuine,match,match,match,match
898,genuine,match,match,match,match
899,genuine,match,match,match,match
900,genuine,match,match,match,match
901,genuine,match,match,match,match
902,genuine,match,match,match,match
903,genuine,match,match,match,impersonator
904,genuine,match,match,match,match
905,genuine,match,match,mismatch,match
906,genuine,match,match,match,match
907,genuine,match,match,impersonator,match
908,genuine,match,impersonator,match,match
909,genuine,match,match,match,match
910,genuine,match,match,match,match
911,genuine,match,match,match,match
912,genuine,mismatch,match,match,match
913,genuine,impersonator,match,match,match
914,genuine,match,match,match,match
915,genuine,match,match,match,match
916,genuine,match,match,match,match
917,genuine,match,match,match,match
918,genuine,match,match,match,match
919,genuine,match,match,match,match
920,genuine,match,match,match,match
921,genuine,match,match,match,match
922,genuine,match,match,match,match
923,genuine,match,match,match,match
924,genuine,match,match,match,match
925,genuine,match,match,match,match
926,genuine,match,impersonator,match,match
927,genuine,match,match,match,match
928,genuine,match,match,match,match
929,genuine,match,match,match,match
930,genuine,match,match,match,impersonator
931,genuine,match,match,match,match
932,genuine,match,match,match,match
933,genuine,match,match,match,match
934,genuine,match,match,match,match
935,genuine,match,match,match,match
936,genuine,impersonator,match,match,match
937,genuine,match,match,match,match
938,genuine,impersonator,match,match,match
939,genuine,match,match,match,match
940,genuine,mismatch,match,match,mismatch
941,genuine,match,match,match,impersonator
942,genuine,match,match,match,match
943,genuine,match,match,match,match
944,genuine,match,impersonator,match,match
945,genuine,match,match,impersonator,match
946,genuine,match,match,match,match
947,genuine,match,match,match,match
948,genuine,match,match,match,match
949,genuine,match,match,match,match
950,genuine,match,match,match,match
951,genuine,impersonator,match,match,match
952,genuine,mismatch,match,match,mismatch
953,genuine,match,match,match,match
954,genuine,match,match,match,match
955,genuine,match,match,match,match
956,genuine,match,match,match,match
957,genuine,match,match,mismatch,match
958,genuine,match,match,match,match
959,genuine,match,match,match,match
960,genuine,match,match,match,match
961,genuine,match,match,match,match
962,genuine,match,match,match,match
963,genuine,match,match,match,match
964,genuine,match,match,match,match
965,genuine,match,mismatch,match,match
966,genuine,match,match,match,match
967,genuine,match,match,match,match
968,genuine,match,match,match,match
969,genuine,match,match,match,match
970,genuine,match,match,match,match
971,genuine,match,match,match,match
972,genuine,match,match,match,match
973,genuine,match,match,match,match
974,genuine,match,match,match,match
975,genuine,match,match,match,match
976,genuine,match,match,match,match
977,genuine,match,match,match,match
978,genuine,match,match,match,match
979,genuine,match,match,match,impersonator
980,genuine,match,match,match,match
981,genuine,match,match,match,match
982,genuine,match,match,match,impersonator
983,genuine,match,match,match,match
984,genuine,match,match,match,match
985,genuine,match,match,match,match
986,genuine,match,match,match,match
987,genuine,impersonator,match,match,match
988,genuine,match,match,match,match
989,genuine,match,impersonator,match,match
990,genuine,match,match,match,mismatch
991,genuine,match,match,match,match
992,genuine,match,match,match,match
993,genuine,match,match,match,match
994,genuine,match,match,match,match
995,genuine,match,match,match,match
996,genuine,match,match,match,match
997,genuine,match,match,match,match
998,genuine,impersonator,match,match,match
999,genuine,match,match,match,match
1000,genuine,match,match,match,match
1001,genuine,match,match,impersonator,match
1002,genuine,match,match,match,match
1003,genuine,match,match,match,match
1004,genuine,match,match,match,match
1005,genuine,mismatch,match,match,match
1006,genuine,match,match,match,match
1007,genuine,match,match,match,match
1008,genuine,match,match,match,match
1009,genuine,match,match,match,match
1010,genuine,match,match,match,match
1011,genuine,match,match,match,match
1012,genuine,match,match,match,match
1013,genuine,match,match,match,match
1014,genuine,match,match,match,match
1015,genuine,match,match,match,match
1016,genuine,match,match,match,match
1017,genuine,match,match,match,match
1018,genuine,match,match,match,match
1019,genuine,match,match,match,match
1020,genuine,match,match,match,match
1021,genuine,match,match,match,match
1022,genuine,match,match,match,match
1023,genuine,match,match,match,match
1024,genuine,match,match,match,match
1025,genuine,match,match,match,match
1026,genuine,match,match,match,match
1027,genuine,match,match,match,match
1028,genuine,match,match,match,match
1029,genuine,match,match,match,match
1030,genuine,match,impersonator,match,match
1031,genuine,match,match,match,match
1032,genuine,match,match,match,match
1033,genuine,match,match,match,match
1034,genuine,match,match,match,match
1035,genuine,match,match,match,match
1036,genuine,match,match,match,match
1037,genuine,match,match,match,match
1038,genuine,match,match,match,match
1039,genuine,match,match,match,match
1040,genuine,match,match,match,match
1041,genuine,match,match,match,match
1042,genuine,match,match,match,match
1043,genuine,match,match,match,match
1044,genuine,match,match,match,match
1045,genuine,match,match,match,match
1046,genuine,match,match,match,match
1047,genuine,match,match,match,match
1048,genuine,match,match,impersonator,match
1049,genuine,match,match,match,match
1050,genuine,match,match,match,match
1051,genuine,match,match,match,match
1052,genuine,match,match,match,match
1053,genuine,match,match,match,match
1054,genuine,match,match,match,match
1055,genuine,match,match,match,match
1056,genuine,match,match,match,match
1057,genuine,match,match,match,match
1058,genuine,match,match,match,match
1059,genuine,match,match,match,match
1060,genuine,match,match,match,impersonator
1061,genuine,match,match,match,match
1062,genuine,match,match,match,mismatch
1063,genuine,match,match,match,match
1064,genuine,match,match,match,match
1065,genuine,match,match,match,match
1066,genuine,match,match,match,match
1067,genuine,match,match,match,match
1068,genuine,match,match,match,match
1069,genuine,match,match,match,match
1070,genuine,match,match,match,match
1071,genuine,match,match,match,match
1072,genuine,match,match,match,match
1073,genuine,match,match,match,match
1074,genuine,impersonator,match,match,match
1075,genuine,match,match,match,match
1076,genuine,impersonator,match,match,match
1077,genuine,match,match,match,match
1078,genuine,match,match,match,match
1079,genuine,match,match,match,match
1080,genuine,match,match,match,match
1081,genuine,match,match,match,match
1082,genuine,match,match,match,match
1083,genuine,match,match,match,match
1084,genuine,match,match,match,match
1085,genuine,match,match,match,match
1086,genuine,impersonator,match,match,match
1087,genuine,match,match,match,match
1088,genuine,match,match,match,match
1089,genuine,match,match,match,match
1090,genuine,match,match,match,match
1091,genuine,match,match,match,match
1092,genuine,match,match,match,match
1093,genuine,match,match,match,match
1094,genuine,match,match,match,match
1095,genuine,match,match,match,match
1096,genuine,match,match,match,match
1097,genuine,match,match,match,match
1098,genuine,match,match,match,match
1099,genuine,match,match,match,match
1100,genuine,match,match,match,match
1101,genuine,match,match,match,match
1102,genuine,match,match,match,match
1103,genuine,match,match,match,match
1104,genuine,match,match,match,match
1105,genuine,match,match,match,match
1106,genuine,match,match,match,match
1107,genuine,impersonator,match,match,match
1108,genuine,match,match,match,match
1109,genuine,match,match,match,match
1110,genuine,match,match,match,match
1111,genuine,match,match,match,match
1112,genuine,match,match,match,mismatch
1113,genuine,mismatch,match,match,match
1114,genuine,match,match,match,match
1115,genuine,match,match,match,match
1116,genuine,match,match,match,match
1117,genuine,match,match,match,match
